"OrphaCode"|"Preferential_Parent_OrphaCode"
166024|93419
58|98006
166032|93419
61|68367
166029|93419
166038|93419
93|68367
166035|93419
585|68367
118|68367
141|98006
166063|93890
166078|97992
166073|93890
213|68367
166084|97992
333|68367
166081|97992
349|68367
166090|97992
365|68367
166087|97992
366|68367
166093|97992
368|68367
166096|97992
367|68367
166100|93419
371|68367
166105|98006
369|68367
447|97992
166108|93890
166113|89826
166119|93419
487|68367
166260|98026
166265|98026
583|68367
166272|93419
576|68367
166277|93419
812|68367
166282|97929
578|68367
166286|89826
577|68367
166291|68416
166308|98006
166305|98006
2912|68416
166302|98006
166299|98006
796|68367
166409|98006
461|89826
166421|98006
166418|98006
166415|98006
584|68367
166412|98006
166433|98006
166430|98006
881|93890
166427|98006
166424|98006
95|98006
848|97992
846|97992
586|97955
261|98006
550|98006
269|98006
480|68367
551|98006
597|98006
163746|98006
684|98006
163931|89826
273|98006
163927|89826
163937|93890
163934|97966
614|98006
163921|98006
163966|93419
163971|93890
163976|93890
163979|93890
163956|93890
163961|93890
164726|250908
324|68367
163985|93890
778|98006
72|98006
307|98006
1941|98006
892|250908
731|93626
164736|98006
138|93890
558|98023
165805|98006
803|98006
100|98006
733|97935
399|98006
165955|68416
501|98006
870|93890
165958|68416
512|98006
166011|93419
567|93890
166016|93419
232|97992
536|98023
166002|93419
534|93890
790|250908
165991|68367
652|250908
908|93890
3099|98023
739|93890
47|98004
580|68367
579|68367
905|57146
792|97966
163525|89826
827|97966
906|98004
904|93890
280|93890
162516|93890
15|93419
96|98006
162526|98036
101|98006
783|93890
163649|93419
631|97978
276|98004
163654|93419
481|98006
664|68367
163668|93419
163662|93419
394|68367
163665|93419
508|97978
436|93419
163596|97992
429|93419
104|97966
2182|93890
163634|93419
163717|98006
163708|98006
636|93890
163703|98006
649|93890
163727|98006
163721|93890
163684|98006
163681|98006
379|98004
16|97966
163699|250908
644|98006
637|98036
163696|98006
181|93890
163693|68367
163690|68367
337|93419
377|93890
648|93890
281|93890
752|93890
214|93626
510|93890
524|250908
699|68367
640|98006
60|97955
895|93890
896|93890
857|93890
894|93890
682|98006
800|93419
628|93419
673|68416
681|98006
126|93890
107|93890
774|93890
794|93890
710|93890
2869|97935
893|93890
912|68367
50|93890
53|93419
14|97978
52|93890
167|98004
195|93890
207|93890
205|57146
160148|97935
201|93890
192|93890
169808|97992
169802|97992
169805|97992
562|93419
565|68367
474|93419
540|98004
568|93890
564|93890
289|93419
258|98006
1247|68416
112|93626
1646|98047
169464|98004
116|93890
87|93890
169618|97978
169615|97978
97|98006
169467|98004
313|89826
169799|97992
169796|97992
169793|97992
171220|93890
1000|97966
999|93890
171430|98006
171433|98006
171436|98006
171439|98006
171442|98006
171445|98006
171607|98006
2771|93419
171612|98006
171617|98006
1349|97929
171622|98006
171629|98006
861|93890
308|98006
199|93890
2162|93890
930|97935
998|93890
1727|93890
169079|98004
1716|93890
1715|93890
3380|93890
168984|93890
1707|93890
168999|250908
3378|93890
169110|98004
169100|98004
169105|98004
169090|98004
236|93890
169095|98004
169082|98004
169085|98004
168829|250908
168816|250908
753|93890
868|68367
168811|250908
218|89826
168796|93890
1465|93890
168782|98006
1642|93890
168966|250908
168960|250908
8|93890
1636|93890
168953|250908
1600|93890
168950|250908
168947|250908
1598|93890
168940|250908
2773|93419
2772|93419
2609|68367
626|89826
773|98006
11|93890
169154|98004
169150|98004
169160|98004
169157|98004
169139|98004
1947|98006
169147|98004
169142|98004
596|98006
610|98006
169186|98006
464|93890
3307|93890
169189|98006
44|68367
56|68367
963|97978
1059|93890
1006|89826
1046|93890
22|68367
29|68367
245|93890
30|68367
36|93890
915|93890
2614|93890
33|68367
819|93890
3085|93890
9|93890
168615|98053
168612|98053
1442|93890
168621|93419
1452|93419
1455|93890
168629|97992
168624|93890
193|93890
1488|93890
200|93890
168632|89826
1334|98004
168583|57146
1369|68367
168577|97992
168593|93890
1406|93890
168588|97978
168601|97935
1414|93890
168598|98006
168606|89826
168549|93419
168552|93419
1154|93890
168555|93419
168558|93890
168563|93890
124|97992
168566|68367
1310|93419
168569|89826
168572|98006
125|93890
90|68367
168443|93419
1065|93890
168451|93419
1135|93890
168454|93419
1146|93890
1143|93890
168486|98006
168491|98006
168544|93419
1147|93890
246|93890
1770|93890
1775|98004
1764|98006
235|93890
239|93419
1672|97978
833|68367
167635|89826
765|68367
395|68367
408|68367
147|68367
23|68367
45|68367
226|68367
217|93890
1556|93890
1538|93890
1496|98006
417|93419
2233|97978
2248|93890
446|57146
2135|93890
2140|93890
2185|93890
2116|68367
2118|68367
351|68367
2020|98006
2053|93890
1931|93890
295|93890
1933|68367
1880|93890
1915|93890
1885|97966
1851|93626
660|93890
635|250908
2612|93890
2635|93419
2655|93419
606|98006
705|98036
2801|93419
884|93890
2785|93419
2744|97966
2746|93419
2971|68367
2970|93890
744|93890
2903|97955
2901|98006
718|93890
290|93890
3071|93890
763|93419
2983|93890
2301|93890
469|68367
2308|93890
2318|93890
2253|97966
180188|93890
180182|93890
2300|93890
180226|250908
502|93890
180229|250908
2370|93419
477|93890
180247|250908
2430|93890
2414|93890
2373|98036
180234|250908
180237|250908
2377|93890
2374|98036
180242|250908
2466|93890
180275|250908
560|93419
587|250908
570|93890
180261|250908
180267|250908
2444|93890
179494|97978
716|68367
179490|97978
287|98023
180106|93890
180086|93890
180079|93890
180074|93890
180114|93890
180111|93890
180139|93890
180126|93890
180129|93890
1020|98006
63|93626
54|97966
180142|93890
180145|93890
180160|93890
154|97929
84|93890
180154|93890
70|98006
180157|93890
180176|96344
191|93890
834|68367
3135|93419
799|93890
3151|97992
813|93890
3169|93890
816|89826
821|93890
3173|98006
3204|97992
3205|93890
3320|93890
3346|93890
858|93890
887|93890
291|93890
909|68367
3447|93890
1422|93419
178478|68416
178481|68416
178469|98006
178475|68416
178461|98006
178464|98006
178396|97992
178400|98006
178382|93890
178389|93419
62|98006
178364|93890
715|68367
178377|93890
348|68367
178345|97978
178355|93419
178338|89826
3137|68367
178342|250908
178544|250908
178540|250908
117|98023
732|98023
178536|250908
178533|250908
221|98023
598|98006
178528|250908
204|98006
178522|250908
178517|250908
178512|250908
178509|98006
178506|98006
611|98006
178493|97966
178487|68416
177926|97992
581|68367
177929|97992
666|93419
178029|97978
177901|93890
423|98006
177904|93890
177907|93890
177910|93890
364|68367
355|68367
388|97935
354|68367
178320|97955
178315|250908
178333|97966
760|98004
270|98006
178303|93890
244|97955
178148|98006
178311|98023
178307|89826
589|98006
805|93890
886|93890
178145|98006
3440|93890
702|98006
791|97966
375|98023
183|98023
1164|97955
2406|98006
509|68416
761|98023
2131|98006
713|68367
57|68367
249|93419
2334|97966
755|93890
171929|93890
46|98006
43|68367
3166|68367
2882|68367
810|68416
3165|98023
2420|250908
727|98023
900|98023
863|68416
171695|98006
134|68367
171700|97955
984|93890
171703|93890
171706|97978
171709|98047
171719|93890
1163|68416
171723|89826
3467|93626
171673|97966
511|68367
171680|93890
32|97992
171684|98036
171690|98006
26|68367
171863|98006
171860|93890
171871|93626
322|93890
171866|93419
2368|93890
171881|98006
2512|93890
171876|93626
171889|98006
797|98023
171886|98006
171829|93890
1201|93890
171844|93890
171839|93890
1202|93890
1199|93890
171851|93890
171848|98006
1304|68416
173|68416
3303|93890
200418|98004
730|93626
200421|98004
486|98004
1209|93890
199647|93890
98|98006
1478|93890
330|97992
1482|97966
1959|97992
284|68416
1177|98006
828|93419
293|93890
199340|98006
199337|68367
234|57146
199348|98006
3287|98023
199343|98006
2800|250908
199326|93626
199323|97966
1928|93890
199332|93890
199329|98006
2665|250908
3463|97978
199642|98006
549|68416
704|89826
199354|98006
199351|98006
356|98006
466|98006
199630|93890
199627|98006
199293|93890
3452|68416
199282|98006
199285|68367
2331|98023
199276|89826
2102|68367
199279|89826
199260|250908
3002|97992
199267|250908
199315|93890
2040|93890
199318|93890
199310|93890
2357|93890
274|97992
1195|97992
199302|93890
199306|93890
926|68367
3020|68416
199296|97978
199299|97978
1675|68367
189427|97978
976|93626
3129|68367
415|68367
13|68367
2494|97935
171|57146
199251|89826
199247|97978
199244|97978
199241|97955
2134|93626
189466|97978
17|68367
189439|97978
3006|98006
780|250908
3111|57146
2382|98006
2806|98006
1934|98006
845|68367
1942|98006
1935|98006
1943|98006
3451|98006
3299|68416
2302|97955
770|68416
3386|68416
267|98006
1329|93890
582|68367
2137|57146
186|57146
1136|93890
397|98023
2932|98006
2398|89826
1656|89826
3198|98006
2929|97935
131|57146
646|68367
654|250908
1489|68416
2764|93419
2587|98004
3389|68416
1679|68416
1267|68416
2897|89826
183666|98004
2070|97935
183663|98004
2312|57146
183707|98004
2314|98004
183678|98004
449|250908
183675|98004
2177|93890
533|68416
183713|98004
2372|98036
2380|93419
683|98006
677|250908
897|93890
808|93419
844|97929
3027|93890
676|97935
643|98006
634|89826
140|93419
2828|98006
642|98006
627|93890
638|93890
326|97992
526|93626
650|97978
427|97978
215|97966
342|98023
180|97966
327|97992
373|93890
403|97978
574|93890
653|250908
146|250908
1331|250908
157|68367
847|93890
1446|93890
2268|98004
475|93890
392|93890
113|89826
86|98028
243|93890
136|98006
48|93890
182127|250908
528|97978
275|98004
184|93419
71|97978
1949|98006
189|93890
1473|93890
1344|97929
182050|97992
3103|93890
709|93890
776|93890
902|93890
888|93890
871|97929
1597|93890
1590|93890
1587|93890
1621|93890
1620|93890
1643|93890
1627|93890
1699|93890
1695|93890
500|93890
507|68416
548|68416
233|97966
2495|250908
569|98006
240|93419
2311|93890
358|93626
242|93890
2052|93890
1354|93890
1358|93890
111|68367
10|93890
1308|93890
150|250908
133|97955
1552|93890
1450|93890
1448|93890
1581|93890
1580|93890
1437|93890
172|57146
1447|93890
1444|93890
1439|93890
1438|93890
624|89826
3306|93890
3375|93890
3310|93890
3000|97978
3305|93890
3176|93890
1708|93890
1711|93890
3376|93890
1692|93890
1698|93890
1706|93890
916|93890
920|93890
1445|93890
7|93890
931|93890
929|93890
869|97978
2297|97978
922|98036
921|93890
27|68367
939|68367
31|68367
935|98004
932|93419
1795|93419
37|89826
950|93419
949|93890
945|93890
957|93890
958|93890
955|93419
952|93890
1702|93890
1703|93890
1705|93890
1713|93890
1738|93890
1742|93890
1745|93890
1752|93890
1762|93890
1878|98006
1876|97935
1948|93890
1946|93890
1951|98006
381|89826
2604|97935
156|68367
2597|68367
2598|68367
1078|93890
1077|98026
1074|93890
1072|93890
1071|93890
1069|93890
1068|93890
1067|93890
1064|93890
1062|98006
1053|93890
1055|93890
1052|93890
1040|93419
1041|93890
1126|93890
1125|97966
1121|93890
1120|93890
1122|93890
1116|93890
1118|93890
1117|93890
1110|93890
1113|93890
1112|93890
1106|93890
83|93890
1104|93890
1094|93890
991|93890
990|93890
989|93890
994|93890
51|98006
981|93890
978|93890
977|97978
988|93890
983|93890
970|98006
971|93890
40|93419
969|93419
974|93890
972|98006
973|93890
959|93890
968|93419
139411|250908
139414|89826
1028|93890
139417|98006
1031|93626
139423|98006
139426|98006
139431|98006
1035|68367
139436|98023
1021|97966
64|93890
1023|89826
139396|68367
139399|68367
139402|89826
1027|93890
139406|98006
1008|93890
701|89826
1010|89826
1014|93890
1001|93890
59|98006
1003|93890
1005|93890
1253|93890
1252|93890
1248|93890
127|93890
1264|93890
1262|93890
1263|93419
1259|93890
1261|93890
1234|93890
1231|93890
1229|98006
109|93890
1228|93890
1241|93890
1240|93419
1237|93890
114|93419
115|93890
1236|93890
137622|93890
137617|89826
1292|93890
137628|93890
137625|68367
137608|93890
1299|93890
137672|97966
1300|93890
137667|93890
137634|93890
1295|93890
137631|97955
1296|93890
1297|93890
137639|98006
137577|98006
137583|250908
1276|93890
1275|93890
1270|93890
137605|89826
137593|97966
137596|97966
1278|93890
137599|97966
137602|97966
1166|93890
1168|98006
137820|96344
1160|165711
137817|98006
137814|89826
1174|93890
137839|68416
137834|93419
137831|93890
1170|98006
1178|98006
1175|98006
1180|93890
1179|98006
1173|98006
137867|98006
137681|68367
1133|93890
137675|97929
1131|93890
137678|93419
137698|68416
137754|98006
1145|93890
137686|96344
1144|93890
137776|93890
1150|93890
1149|93890
1159|93419
137810|89826
137783|93890
1214|98006
1215|97966
1216|98006
1221|89826
1225|93890
1226|97978
1227|97978
1184|93890
1182|98006
137888|93890
137893|98047
1186|98006
1185|93890
137898|93890
1188|93890
137902|97966
1187|93890
1190|93419
137908|68367
137911|98006
137914|93890
1193|93890
137917|93890
1200|93890
137920|93890
1198|93890
137926|93890
137929|98006
1203|93890
1208|93890
137932|98036
137935|93890
1449|93890
141242|93890
1453|93419
141239|93890
1440|93890
1443|93890
141261|93890
141258|93890
1458|93890
1454|93890
190|93890
141199|93890
1429|98006
141194|93890
1426|93419
141184|93890
1427|93419
1435|93890
141219|93890
1436|93419
141214|93890
141209|93890
1433|93890
1484|93890
141333|93890
155878|93890
1490|93890
1487|93890
155838|93890
1486|93890
141276|93890
141265|93890
1466|93890
141327|93890
141330|93890
1471|93890
141288|93890
141291|93890
141091|93890
141083|93890
1410|89826
141099|93890
141096|93890
1412|93890
141107|98036
141103|98036
141115|98036
1416|98023
141112|98036
1394|93890
141051|98036
141064|93890
141061|93890
141071|98036
1397|93890
141067|68329
1398|93890
1399|93890
141077|93890
1401|93890
141074|93890
141152|93890
174|93419
141163|93890
141168|93890
141171|93890
1425|93419
141174|93890
141179|93890
141118|93890
141121|98036
141124|98036
141127|98036
141132|93890
141145|93890
141148|93890
156728|93419
1375|93890
163|97966
1373|93890
1368|93890
1366|93890
1361|68367
1393|93890
157823|68416
157826|250908
157808|93890
1390|93890
157820|98006
1389|93890
157798|97935
1388|93890
157801|93890
1387|93890
157791|93890
157794|97935
157769|93890
157716|98006
1381|93890
157719|98006
1380|93890
157713|98006
156731|93419
1377|93890
157215|93419
1325|93890
1326|93890
1327|93890
1328|93419
1321|93890
1323|93890
1314|98006
1318|93419
1319|93890
155889|93890
1305|93890
1307|93890
155884|93890
1313|98006
1350|93890
1355|93890
1352|93890
1342|93890
1345|98023
1338|93890
1340|93890
2856|93890
1336|89826
1335|93890
1682|98028
1757|93890
1756|93890
1765|93419
1766|98006
1777|93890
1780|93890
1772|93890
1784|93890
1782|93419
1790|93890
1786|93890
1788|93890
859|97992
139441|98006
3196|93890
139444|98006
139447|98006
1573|97966
726|68367
139450|93890
139455|97966
1574|97966
139466|93890
1596|93890
139471|93890
139474|93890
1617|93890
1606|93890
139480|98006
1647|93890
139485|98006
139491|57146
1653|98026
139507|57146
139515|98006
139512|98006
1657|93890
139525|98006
1658|89826
139518|98006
1659|98006
139547|98006
139536|98006
1660|93890
139557|98006
1661|97966
1662|93890
139552|98006
139573|98006
1665|93890
139564|98006
139583|98006
1667|93419
139578|98006
139589|98006
1671|93890
140917|93890
1548|93890
1547|93890
140922|98006
1545|98006
140905|97978
1540|93890
140908|93890
140896|97955
1532|93890
140952|93890
140957|97992
140944|93890
140949|101433
1555|93890
140936|93890
140941|97978
1553|93890
140927|98006
140933|89826
140989|98006
1566|93890
140976|93890
1563|93890
140969|93419
140966|89826
1562|93419
140963|93890
141046|98036
382|68367
742|68367
141037|93890
141030|93890
141022|93890
1979|97978
141013|93890
1571|93890
141007|93890
1551|68367
1568|93890
141000|93890
1497|93890
140436|93890
1493|93890
140286|97978
1495|93890
1509|93890
1512|93890
1506|93419
1508|93419
1507|93890
1517|93890
1519|93890
1520|93890
1513|93419
1514|93890
140481|98006
1515|93890
1516|93890
1527|93890
1528|93890
1529|93890
1521|93890
1522|93419
1525|93419
1969|93890
1968|93890
1970|93890
1973|93890
1972|93890
1974|93890
1962|93419
1964|93890
1822|93419
1824|93419
1952|93419
1954|89826
1955|89826
1926|93890
2209|93890
1927|93890
1937|93890
1920|93890
1919|93890
1917|93890
1923|93890
1912|93890
1918|93890
1911|93890
1910|93890
1916|93890
294|93890
1914|93890
1913|93890
1896|93890
1897|93890
1908|93890
1909|93890
1906|93890
1895|93890
1891|93890
1892|93890
1816|93890
1807|89826
1818|93890
1883|93890
1882|93890
1875|98006
1873|93890
1879|93419
1867|93890
1872|97966
1871|97966
1860|93419
1861|93890
1865|93419
1858|93890
1852|97966
1842|93419
1839|89826
1837|93419
1836|93419
1834|93890
1830|93419
1825|93890
1811|93890
1812|93890
1808|93890
1809|93890
1806|93890
1802|93419
1803|93419
1801|93419
1798|93419
1799|98006
1794|93890
2128|93890
2136|93890
2138|93890
2139|93890
2141|93890
2143|93890
2145|93890
2149|93890
2148|93890
158048|98004
158057|98004
2108|93890
158061|98023
2107|93890
2110|93890
2109|93890
2111|93890
2115|93890
2114|93419
2994|93890
2117|93890
2119|97929
2123|93890
157997|89826
2090|93890
157991|89826
2091|93890
158011|89826
158008|89826
376|93890
158003|89826
2092|93890
158000|89826
2098|93419
158025|89826
158022|89826
380|93890
2095|93890
158019|89826
158014|98023
2097|93419
2101|93890
2104|93890
158029|98023
2069|89826
157846|98006
157832|93890
2067|93890
157835|98006
2065|93890
2075|93890
157941|98006
2074|93890
157850|98006
2072|68367
157954|93890
157962|97966
157946|98006
2078|93419
157949|98004
2077|93890
157973|98006
2085|97966
2084|93890
157965|98023
2083|93890
1791|93890
1826|93419
2047|93890
2048|98006
2050|93419
2063|93890
2064|93890
2057|93890
2059|93890
2026|93890
2025|93890
2028|93419
2027|93890
2021|93419
2019|93890
2024|98026
2022|97929
2824|93890
2045|89826
2044|93890
2031|93890
2036|93890
158769|89826
2006|93890
158766|89826
2007|93890
2003|93890
158687|89826
158684|89826
2004|93890
2001|93890
158681|89826
158676|89826
158673|89826
158668|89826
2016|93890
2017|93890
2013|93890
2010|93890
158778|250908
158775|250908
158772|89826
2008|93890
1987|93890
1986|93890
1980|98006
1997|93890
1995|93890
1993|93890
1988|93890
2348|97978
247775|93890
2351|93890
247768|93890
2353|93890
247790|68367
247798|97935
247794|68367
247815|98006
247806|97935
2363|93890
247691|98006
2340|89826
247685|93419
2342|93890
247709|250908
247698|250908
247724|98006
247718|98006
485|93419
247762|250908
2347|93419
247585|68367
2333|93419
247598|68367
2332|93890
247604|98006
247623|93419
247638|93419
2337|89826
247651|93419
247667|93419
2339|93890
247676|93419
494|89826
2322|93890
247378|97992
2321|93890
2324|93419
247511|97992
2323|93890
247522|97955
247525|68367
247546|68367
2325|89826
247573|68367
2329|93890
2328|93890
2408|93890
2409|93890
2405|98036
2407|89826
2412|93890
2575|97935
248408|97992
2410|93890
2399|93890
2400|98006
2396|89826
248340|97992
2388|98006
248111|98006
2387|89826
2386|89826
2379|93890
2391|93890
2390|98004
247834|97966
2371|93419
2369|93890
247820|93890
247827|93890
2378|93890
247868|98023
2375|93890
2456|96344
2457|93419
2451|93890
2439|93890
244305|93626
244283|93890
2440|93890
244310|68367
244242|97992
296|93419
2437|93890
244275|93626
2438|93890
243343|68367
243367|57146
2435|89826
2429|93890
2432|93890
2489|93890
247353|89826
247262|93890
2487|93890
247257|68416
247245|98006
2485|93419
247234|98006
2483|89826
247203|250908
2484|93419
247198|98006
2481|89826
2482|93890
247165|108999
2477|93890
2479|93890
2475|93890
2476|93890
2473|93890
2471|93890
2470|93890
561|93890
2464|93890
559|98006
2463|93890
2462|93890
2461|93890
251630|250908
2172|93890
251636|250908
251639|250908
2176|93419
251643|250908
251646|250908
2181|93890
251656|250908
2180|93890
251663|250908
2186|93890
251671|250908
2189|93890
251674|250908
251679|250908
312|89826
2196|93626
251576|250908
2150|93890
251582|250908
251579|250908
2152|93890
2153|93890
251589|250908
251598|250908
2155|93890
251595|250908
251604|250908
251601|250908
2158|68367
251612|250908
2163|93890
251607|250908
251618|250908
2165|93890
251615|250908
2166|93890
251627|250908
2167|93890
251623|250908
2169|68367
251927|250908
251931|250908
2222|89826
251919|250908
2220|93890
1051|93890
251940|250908
251946|250908
2228|93890
2224|68367
251937|250908
2232|97978
251962|250908
251975|250908
2230|97978
251949|250908
2229|93890
251957|250908
252006|250908
2238|97978
252015|250908
2237|93626
2235|97966
251992|250908
2234|93890
251867|250908
2199|89826
251863|250908
2200|89826
2198|89826
251858|250908
495|89826
251855|250908
251883|250908
2206|93890
251880|250908
2201|89826
251877|250908
2202|93890
251902|250908
251899|250908
2213|93890
2211|93890
251915|250908
251912|250908
2218|93890
251909|250908
2215|93890
2216|93890
251019|93890
2266|93890
251028|93890
2269|93890
251038|93890
250999|93890
2261|93890
251004|93890
251009|93890
672|93890
251014|93890
455|89826
251061|93890
251066|93890
2272|93890
251071|93890
2274|98006
251076|93890
2273|89826
251043|93890
251046|93890
139|93890
457|89826
2271|89826
251056|93890
2246|98006
250831|98006
2249|93890
2239|97978
2241|93890
250984|93419
2256|93890
2257|93890
250977|93890
250994|93890
250989|93890
2250|93890
250923|93890
2251|93890
2252|93890
250972|93890
2255|97978
250932|97966
251380|97992
2306|93890
251383|93890
2305|93890
251370|97992
251375|97992
251359|97992
251365|97992
2295|98023
2292|93419
2319|93890
251523|68367
2316|93890
2315|93890
251510|93890
251515|93890
2310|93890
2309|89826
251393|89826
2307|93890
251295|97966
251290|93419
2282|93890
251287|97966
251282|98006
251279|97966
251274|97978
2278|93890
251262|93419
2291|98036
251347|98006
251332|98023
251328|98023
2289|98006
251325|98023
2290|97935
2287|98026
2285|98006
251307|98023
251304|98023
2674|93890
2673|93890
2672|98006
254857|68367
2678|89826
254864|68367
254851|68367
254854|68367
2668|98036
2663|93890
2662|93890
2671|93890
1475|93890
2670|93626
2669|93890
254930|68367
254925|68367
2697|93890
254920|68367
2695|93890
254913|68367
255182|68367
2701|93890
255138|68367
255132|97992
2698|89826
2699|93890
254886|68367
254881|68367
254875|68367
254905|68367
254902|68367
2690|98004
254898|68367
254892|68367
2712|93890
2714|93890
2713|93890
2715|93890
2718|93890
2717|93890
2704|93890
2703|93890
255210|68367
255229|68367
2707|93890
255235|68367
2710|93890
255241|68367
2709|93890
255249|68367
2728|93890
2730|93890
2732|93890
2733|93419
2719|93890
2720|93890
2721|93890
2722|93890
2723|93890
2724|93890
260305|97992
2725|93890
2755|93890
2754|93890
252164|250908
2753|93890
2752|93890
2751|93890
252128|250908
2750|93890
252050|250908
2743|93890
252054|250908
2741|93890
252031|250908
252046|250908
252018|250908
661|98006
2736|93890
252021|250908
2776|93419
2777|93419
254361|98006
2774|93419
254351|93890
2769|93890
254346|93890
2770|93419
254343|98006
2767|93419
254334|98006
2768|93419
2762|93419
252212|250908
2763|93419
252206|98006
252202|98006
2759|93890
2760|93890
252183|250908
252175|250908
254516|93890
2793|93890
2792|93890
254519|93890
254525|93890
2798|98006
2796|93419
254528|93890
254478|89826
2789|93419
2788|93419
254492|89826
2791|93890
254504|68416
2790|93419
254509|68416
254411|89826
1306|93419
254424|89826
2783|93419
2787|93419
254449|89826
2786|93419
254463|89826
2780|93419
2779|93419
254379|89826
254395|89826
667|93419
2815|98006
2818|98006
2808|98036
2809|98006
2812|89826
2805|93890
254698|250908
254693|250908
675|93890
2807|98006
678|89826
254704|98053
254534|93890
2802|98006
254531|93890
254688|250908
2804|93890
2491|93890
2492|93890
2498|93890
2499|93419
2496|93419
2497|93419
2502|93419
2500|89826
2501|93419
2504|93419
2505|89826
2511|93890
2510|93890
2508|93890
2516|93890
2515|93890
2514|93890
2513|93890
2521|93890
2518|97966
2524|93890
2523|93890
2522|93890
2526|93890
2528|93890
2533|93890
2536|93890
2549|93890
2551|93890
2554|93890
2556|93890
2558|93890
2557|93890
2561|93890
2560|98006
2564|93890
2563|93890
2565|93890
2574|98006
575|98023
2572|98006
2573|98006
2570|93890
2571|98006
261183|93890
2585|98006
261144|98006
261120|93890
2578|93890
261112|93890
2579|98006
261102|93890
2576|93890
261236|93890
261243|93890
2608|93890
261222|93890
1359|97978
2593|98006
261229|93890
2590|98006
261204|93890
261211|93890
2589|93890
261190|93890
2588|93890
261197|93890
261295|93890
261304|93890
261279|93890
261290|93890
2617|93890
261265|93890
261272|93890
261250|93890
2616|93419
2613|93626
261257|93890
261344|93890
261337|93890
261476|93890
261349|93890
261318|93890
261311|93890
2623|93419
261330|93890
261323|93890
261524|93890
2639|93890
261519|93890
261534|93890
261529|93890
2631|93890
261494|93890
261483|93890
2632|93419
2633|93419
261501|93890
2634|93419
2646|93419
2645|93419
261584|97935
261600|93890
261619|93890
261537|93890
2643|93419
261552|93890
2636|93419
2658|93419
261629|93890
261638|93890
261647|93890
261652|93890
264200|93890
3057|68367
3055|93890
3052|93890
3047|93890
3044|93890
3042|98006
3041|93890
3038|93890
263665|97935
263558|89826
3035|93890
263662|98006
3034|93419
263548|89826
3033|93890
263553|89826
3032|93626
263534|89826
263543|89826
263516|98006
263524|68416
263501|68367
3026|93890
263508|68367
263482|93419
3021|93890
263479|97966
263494|68367
3023|93890
263487|68367
263458|97978
263455|68367
1832|93419
3018|98028
3019|93419
263463|93419
263432|89826
263425|89826
3015|93890
263435|89826
3016|93890
263410|93890
3010|98006
3011|93890
769|97978
263413|250908
3003|93419
263335|250908
263339|250908
3005|93419
263347|97966
263352|97929
3004|93890
263310|250908
2997|97966
263317|250908
263324|250908
2999|97966
263331|250908
2990|93890
263297|68367
2987|89826
2985|93890
2989|97966
2988|93890
3138|93890
3145|93626
3143|97978
3144|93419
3132|93890
3130|98023
798|93890
3134|93890
3121|93890
2909|93890
3110|89826
3115|98006
3101|98006
3102|93890
3104|93890
3107|93890
3109|93890
3086|97966
3088|97992
3097|93890
3098|93419
3078|93890
3077|93890
3080|93890
3079|93890
3063|93890
3068|93890
2886|93890
268861|93890
2885|89826
268838|93890
2884|89826
2881|97935
2879|93890
268835|93890
2878|93890
268826|93890
268829|93890
268920|93890
268882|93890
2892|93890
2891|89826
2889|89826
2890|93890
268865|93890
2888|93890
268868|93890
268770|93890
2865|93890
2866|93890
268766|93890
2863|93890
268762|93890
268758|93890
268752|93890
268748|93890
268740|93890
2875|93890
268823|93890
2876|93890
268820|93890
2874|93890
268813|93890
268810|93890
2871|93890
2872|93890
2867|93419
2868|93890
2842|93890
2848|98023
2847|93890
2838|93890
268322|97992
2840|93890
2839|93890
268384|93890
2855|93890
2854|93890
268388|93890
268392|93890
708|93890
268397|93890
268363|93890
268366|93890
2850|93890
268369|93890
268377|93890
268114|98004
2825|93890
2826|98006
268139|250908
268129|98006
2819|98006
2820|98006
2821|98006
2822|98006
2835|93890
268261|93890
2836|98006
268249|93890
268316|93626
268162|68367
2832|93890
268145|68367
268184|68367
2833|89826
2834|89826
268173|68367
2969|250908
2964|93890
2962|68367
2973|93890
2972|93890
750|93419
2976|97978
2975|93890
2980|93890
2978|97935
2946|93890
1848|93890
2951|93890
2947|93890
264978|97955
2956|93890
2952|93890
740|93890
2959|93890
2957|93890
2958|93890
2924|57146
2926|98006
2928|98006
2930|93890
2935|93890
2934|93890
2941|93890
2940|93890
2896|93890
2899|93419
2900|93890
2905|250908
264450|93890
2907|89826
2911|93890
264580|68367
2916|93890
2917|93890
2919|93890
264675|97955
2920|93890
264691|97955
2921|93890
264688|97955
3374|97966
1717|93890
3377|93890
3368|93890
275777|97955
3369|93890
3363|93890
275761|68367
3366|93890
3365|93890
275766|97955
3361|89826
3408|93419
276148|97935
3409|93890
276145|250908
3412|93890
276152|250908
3403|93890
3404|93890
276066|57146
275872|98006
3383|93890
3384|93890
275864|98006
275944|97992
3387|89826
1723|93890
1724|93890
1747|93890
3329|93890
3328|93890
3327|93626
3326|93890
3322|93890
3317|93419
3316|93890
3314|93419
3355|93890
275555|96344
275543|93890
3353|93890
275534|98006
275523|98004
3351|93890
275517|98004
3352|93890
3350|98006
3344|93419
3347|97955
3341|93890
3342|98028
3339|93890
3338|93890
3469|93890
3472|93419
3471|97955
3319|97992
3473|93890
3459|93890
3464|97978
3466|93890
3465|98006
2995|93890
3200|93890
1570|93890
3243|89826
1827|93890
268980|98006
268987|98006
3424|93890
268973|98006
269008|98006
3433|93890
268994|98006
3429|93890
269001|98006
2460|93890
268940|93890
268943|93890
3416|93419
268936|93890
268961|98006
268947|93890
3417|93890
269229|93890
3453|97978
3448|93890
269221|93890
3449|93890
269218|93890
3456|93890
269510|93890
3454|93890
3455|93890
269505|93890
269203|93890
269197|93890
3434|93890
269215|93890
269212|93890
269209|93890
269206|93890
1856|93419
280315|97935
3181|93890
280302|97935
280333|98006
280325|93890
280293|98006
280288|98006
3194|93890
280365|97978
280379|89826
3197|98006
3199|93890
3184|93890
3186|93890
3191|93890
3193|93890
280356|97978
3214|93890
280403|93890
280406|93626
3210|93890
3201|93890
280384|93890
280397|98006
280576|93419
3220|93890
3219|93890
3222|68367
280586|93419
3217|98006
280553|98006
280558|93890
3216|93890
3218|93890
280065|98023
647|93890
280062|98023
279947|98023
279943|98004
279934|98004
3152|93419
279928|97966
279925|97966
279922|97966
280142|98004
3164|93890
3168|93890
280133|98004
3163|93890
1479|93890
3156|93626
280071|68367
280068|98023
3157|93890
3180|93419
280210|98006
280219|98006
280200|93890
3177|97966
280205|93890
3175|98006
280195|93890
3172|93890
280183|68367
280282|98006
280270|93890
280234|98006
1855|93419
280224|98006
1797|93890
280229|98006
276580|68367
3258|93890
276575|68367
3262|93890
276598|97978
276608|97978
3265|93890
276603|97978
3266|93890
276621|97978
3268|93890
276630|93890
3270|93890
3275|93419
425|97978
3291|93890
3293|93890
3292|93890
279882|97966
3294|93890
279888|97966
279891|97966
279894|97966
3301|93890
279897|250908
279904|250908
3304|93890
3312|93890
279914|97966
279919|97966
276198|98006
3225|97978
276193|98006
3226|93890
276183|98006
3224|93890
276174|98006
276238|98006
276234|98047
276223|68367
276212|68367
3230|93890
276244|98006
276241|98006
3235|93890
3236|93890
3232|93890
3233|93890
3241|93890
276280|93890
276399|97978
3239|98036
3238|93890
3237|93890
3246|93890
276413|93890
3242|93890
276405|57146
3250|93890
3248|93890
276422|93890
276429|98006
3255|93890
276556|68367
276432|93890
3253|93890
276435|98006
911|98004
3325|97992
746|68367
943|68367
621|97992
2089|68367
412|97978
743|97992
424|97978
325|97992
343|98004
572|98004
3324|97992
1930|68416
158|68367
2056|68367
206436|68367
820|98023
1945|98006
832|68367
6|68367
20|68367
714|97992
712|97992
2831|93419
1129|93890
206546|98006
1383|93890
206538|250908
206554|98006
1524|93890
206549|98006
1123|93890
206564|98006
206559|98006
206572|98006
3263|93890
206569|98006
206580|98006
206575|98006
206443|68367
3439|93890
206448|68367
206470|250908
1217|98006
206473|250908
2680|98006
206484|250908
1681|93890
206489|250908
206492|250908
1655|93890
633|97978
478|97978
822|97992
910|89826
229|98028
777|98006
766|97992
28|68367
206594|98006
206599|98006
3206|93419
206583|68367
206586|98006
2729|93890
65|97966
321|93419
144|250908
110|93890
2756|93890
3095|98006
2326|93890
1130|93890
3207|93890
2058|93890
2538|93890
1192|98028
2062|93890
2015|93890
2427|93890
2898|93890
206994|68416
207000|68416
2349|97978
1423|93419
2183|93890
206991|68416
1114|89826
208999|98006
209004|98006
208989|98006
208981|98006
1101|93890
2184|93890
1779|93890
1272|93890
208513|98006
208524|89826
1485|93890
208447|93890
3051|93890
208444|93890
208441|93890
1134|93890
1768|93890
2204|93419
2963|89826
2619|93419
1541|93890
1415|93890
2151|93890
2653|93890
209335|98006
209341|98006
3167|97955
1277|93890
2547|93890
1778|93890
3074|93890
1759|93890
210110|93419
3405|93890
210115|98023
1884|97966
209981|97992
209989|250908
1459|97935
210133|89826
210136|97955
2582|98023
210122|97955
210128|98006
2254|93890
209959|97966
209964|97935
209951|98006
209956|97966
209973|98006
209967|98006
209970|98006
2795|101433
209908|98006
209905|93890
209902|97978
2666|93626
209943|97966
209932|97966
209919|57146
209916|250908
2519|93890
209370|98006
209867|97966
210571|98006
3286|97929
210272|98036
210548|93890
210159|250908
3283|97929
210163|98006
3240|93890
210141|98006
210144|93890
1546|68416
67|68416
210584|93890
2023|250908
416|93626
210576|68329
3392|68416
1063|98028
2737|68416
211067|98006
3343|68416
2583|68416
1685|68416
211017|98006
1902|68416
656|93626
655|93626
2122|98028
2591|89826
35|68367
407|98006
2968|98004
663|68367
220|93626
5|68367
25|68367
177|93419
1246|93890
618|250908
2364|68367
818|93890
213512|250908
213504|250908
175|93419
42|68367
213557|250908
213574|250908
213524|250908
2066|68367
300|68367
213531|250908
213528|250908
3188|93890
213605|250908
213610|250908
3161|93890
213600|250908
860|93890
213625|250908
185|93890
213630|250908
3190|93890
213615|250908
3189|93890
213721|250908
1464|93890
213726|250908
3400|93890
213711|250908
213716|250908
213746|250908
1572|98004
213731|250908
3261|98004
213736|250908
2849|93890
213772|250908
213767|250908
213751|250908
213792|250908
213787|250908
213777|250908
213812|250908
747|97955
213807|250908
213802|250908
2953|98023
213833|250908
213828|250908
213823|250908
3082|93890
213817|250908
782|93890
3269|93890
213837|250908
3259|93890
3309|93890
3379|93890
216694|93890
216718|93890
3411|93890
216729|93890
882|68367
216796|93419
903|97992
216804|93419
216812|93419
216820|93419
216828|93419
3474|93890
216866|98006
216873|98006
216972|68367
1441|93890
216978|68367
361|97978
216975|68367
216986|68367
1787|93890
216981|68367
217008|93890
217017|93890
217012|98006
2088|68367
217026|93890
217266|93890
179|97966
217260|68416
292|68416
217253|98006
767|98023
2584|250908
217093|68367
3162|250908
217085|68367
217080|97955
2330|97992
217067|97935
2700|68416
217064|108999
1451|98023
217059|93890
217055|98006
556|98023
217335|93890
2745|93890
217340|93890
3260|97992
217330|93626
2086|250908
2566|68416
3385|68416
1560|68416
566|93890
340|68416
2552|68416
1171|98006
217560|97955
217557|97955
1686|93890
217566|97955
217563|97955
217407|89826
1456|93890
217467|97992
1457|93890
217390|98004
217385|93890
1207|93890
217399|98006
217396|98006
217371|57146
217346|93890
980|93890
217382|98006
1054|93890
217377|93890
3093|93890
217622|97929
3092|93890
2299|93890
3427|93890
3426|93890
439|93890
422|97955
2038|93890
2037|93890
2041|93890
2039|93890
331|97992
159|68367
707|68416
335|97992
79|97992
217656|97929
1070|68416
1467|98023
2157|68367
220402|98023
3124|68367
220407|98023
220386|93890
2203|68367
220393|98023
332|97992
220448|97992
2967|68367
220436|97992
2195|68367
220443|97992
2170|68367
220295|89826
414|97966
622|68367
927|68367
3402|68367
2880|68367
941|68367
220465|97978
220460|97935
2843|68367
220497|93890
212|68367
220493|93890
470|68367
221074|98006
221078|98006
145|250908
2965|97978
221083|98006
221091|98006
538|97955
221098|98006
2942|98006
1578|68367
3208|68367
221008|93890
24|68367
221016|93890
1561|68367
221039|89826
1460|68367
851|97992
221043|89826
221046|89826
745|97992
221054|93890
221061|93890
849|97992
225154|93890
225123|57146
225147|93890
221117|98006
221120|93890
221126|93890
221139|93890
221142|89826
221145|93890
228003|98004
228000|98004
227990|97978
842|250908
227982|97978
227976|97966
876|250908
227972|108999
883|250908
227796|97966
228123|68416
228119|68416
228116|98023
228113|97935
389|98023
228012|98036
616|250908
543|250908
319|250908
227535|250908
668|250908
227510|98006
360|250908
1957|250908
2030|250908
2126|250908
758|89826
419|68367
1501|250908
226316|97978
226307|97978
3148|250908
3273|250908
226313|97978
391|250908
2260|93890
503|93419
1652|93626
2478|98006
3337|93626
223|93626
757|93626
228423|98004
521|250908
228415|93890
132|68367
229717|98004
228426|93890
2345|93890
1333|250908
228396|97966
228387|93419
228390|93890
228410|93890
228399|93890
228402|93890
228366|98006
228363|98006
228360|98006
228357|98006
228384|93890
228379|89826
228374|98006
228371|68416
228340|98006
228337|98006
228329|98006
228354|98006
228349|98006
228346|98006
228343|98006
228290|89826
228293|89826
228299|89826
228302|68367
228305|68367
228308|68367
228240|89826
135|98006
228243|89826
228247|89826
228254|89826
228264|89826
228272|89826
228277|89826
228285|89826
228190|93890
3203|97992
3202|97992
1544|98006
228236|89826
228227|89826
228140|97929
1018|93626
228165|98006
306|98006
228157|98006
328|97992
228174|98006
228169|98006
2132|97992
2133|97992
228179|98006
288|97992
231531|98004
231512|98004
1320|98006
256|98006
231500|98004
441|98006
231457|98006
231466|98006
231445|98006
231450|98006
2073|98006
231426|98006
231401|97992
2611|89826
231393|97992
809|98023
1309|93890
231249|97992
231242|97992
2197|93626
231237|97992
231226|97992
18|93626
231222|97992
160|97992
231214|97992
2841|89826
231183|93890
347|93626
231178|93890
1670|97935
231154|98004
2596|98006
2966|98004
231160|98006
231169|93890
231137|93890
231140|93890
231144|93890
2194|98004
231147|93890
231120|93890
231127|93890
231130|93890
231080|97935
231108|250908
405|97978
231111|98023
231117|93890
1223|68416
231040|89826
3318|97992
230857|98023
230851|98023
231031|89826
913|97978
231013|98006
230800|68416
82|97992
230839|98023
238305|97978
238269|93626
238446|93890
238329|98006
231573|89826
231580|97978
231556|89826
231568|89826
231632|97978
231625|97978
1900|98023
231671|97978
286|98023
231679|97978
285|98023
231662|97978
231736|97966
231742|93890
257|89826
1901|98023
231692|97978
231720|97978
1899|98023
839|93626
531|93890
1084|93890
1083|93890
452|93890
238750|93890
238755|98006
238763|97966
238722|98006
238744|93890
238769|93890
238505|98004
238468|93890
238475|68367
238455|98006
238459|68367
238578|93890
238583|68367
238557|97992
238569|97935
238523|68367
238637|101433
238624|98006
238621|97935
238613|93890
238606|98006
238593|165711
238688|97978
238670|97978
238666|97978
238654|101433
238650|101433
238646|101433
238642|101433
240071|98006
240112|98006
240103|98006
240094|98006
240085|98006
240760|93890
331226|98004
331235|98004
331176|98004
331187|98004
331190|98004
331206|98004
330064|89826
330001|98023
329977|250908
329984|250908
330012|97955
330015|108999
330032|97992
330041|97992
330021|108999
330029|89826
330058|89826
330061|89826
330050|98006
330054|98006
329813|93890
329802|93890
329883|97935
329874|97929
329475|98006
329481|93626
329478|98006
329942|68367
329931|93626
329971|97935
329967|98023
329894|98006
329918|93626
329903|93626
329308|98006
329314|68367
329319|93890
329324|93890
329284|98006
329457|93890
329466|98006
329469|250908
329329|93890
329332|98006
329336|68367
329228|93419
329224|93890
329217|98028
329211|97966
329195|98006
329191|93890
329178|68367
329258|98006
329249|97978
329242|97935
329235|97978
329173|98004
329|97992
1243|97966
325524|93890
325448|93890
325529|93890
325124|93890
325345|93890
324964|98023
324972|98023
324977|98023
324718|98006
324713|98006
324737|68367
324723|98006
324648|68416
324636|98004
324708|98006
324703|98006
324611|98006
324604|98006
324632|68416
324625|68416
324588|98006
324601|93890
324581|98006
324585|98006
324569|93890
324575|68367
324540|93890
324561|89826
324530|98004
324535|68367
324525|68367
324442|98006
324416|93890
324422|68367
324410|93890
324381|98006
324364|93419
324353|98006
324321|98036
324313|93890
324307|93419
324299|97978
324294|98004
324290|98006
324262|98006
320360|98006
320355|98006
320370|98006
320365|98006
320380|98006
320375|98006
320391|98006
320385|98006
320401|98006
320396|98006
320411|98006
320406|98006
319547|98004
319519|68367
319524|68367
319509|68367
319514|68367
319589|98004
319595|98004
319574|98004
319581|98004
319563|98004
319569|98004
319552|98004
319558|98004
319651|97992
319646|68367
319640|97966
319635|89826
319623|98004
319612|98004
319605|98004
319600|98004
319678|68367
319675|93419
319671|93419
319667|97966
319254|68416
319266|68416
319276|250908
319239|68416
319244|68416
319247|68416
319251|68416
319319|250908
319322|250908
319325|250908
319287|250908
319298|250908
319303|250908
319308|250908
319332|98006
319340|93890
319487|250908
319480|250908
319504|68367
319465|250908
319462|250908
319205|97978
319213|68416
319195|93890
319199|98006
319229|68416
319234|68416
319218|68416
319223|68416
319160|98006
319171|93890
319189|98006
319192|98006
319182|93890
317428|98004
317425|98004
317430|98004
317473|98004
317476|98004
315311|93890
315306|93890
314993|98006
314978|98006
314970|97992
314962|97992
314950|97992
314918|98006
314911|98006
314701|98023
314697|93890
314709|98023
314679|93890
314667|68367
314689|98004
314684|250908
314652|98023
314647|98006
314662|93890
314655|98006
314629|98006
314621|93890
314637|68367
314632|98006
314802|97978
314811|97978
314889|93626
314777|97978
314786|97978
314790|97978
314795|93419
314769|97978
314718|98028
314721|98026
370127|97992
370109|98006
370103|98006
370097|89826
370091|89826
370396|250908
370348|250908
370334|250908
370131|97992
370046|89826
370034|93890
370039|89826
370022|98006
370026|250908
370015|93419
370019|93419
370088|57146
370076|93890
370079|93890
370052|89826
370059|89826
371007|98006
370997|98006
370921|98006
370924|98006
370927|98006
370930|93890
370959|98006
370968|98006
370980|98006
370933|68367
370943|98006
369929|98006
369920|93890
369942|98006
369939|98006
369955|68367
369950|93890
369970|97966
369962|68367
369979|93890
369992|89826
370002|89826
369999|89826
370010|93890
369837|98006
369840|98006
369847|98006
369852|98004
369861|98004
369867|98006
369873|97978
369881|93890
369891|93890
369897|68367
369913|68367
364063|98006
364055|97966
364039|250908
364043|250908
364028|93890
364033|250908
772|68367
1194|68367
363999|93890
1048|93890
364013|93890
363989|97966
363992|93890
363976|250908
363981|98006
363969|98006
363972|93890
363965|93890
363958|93890
363746|98006
363741|93890
363727|97992
363722|98006
363717|98006
363710|98006
363705|93890
363700|93890
363694|68367
363686|93890
363680|93890
363677|98006
364577|93890
364198|93890
363417|93890
363409|98006
363412|98006
363429|98006
363432|98006
363424|98006
363396|98036
363400|98006
363618|93890
363623|98006
363649|89826
363654|98006
363659|93890
363665|89826
363540|98006
363549|98006
363558|98006
363611|93890
363494|250908
363523|93890
363534|68367
363528|98006
363444|93890
363454|98006
363447|98006
363478|250908
363489|250908
363483|250908
357175|93890
357329|98004
357332|93890
357220|89826
357225|89826
357237|98004
356978|68367
356947|93890
356961|68367
357008|97992
357001|93890
356996|98006
357043|98006
357034|250908
357027|250908
357074|89826
357064|89826
357058|89826
357158|93890
357154|68329
357131|97962
357107|97962
352654|98006
352662|97966
352657|97966
352641|98006
352636|93419
352649|68367
352596|98006
352629|93890
352577|93890
352587|98006
352582|98006
352731|89826
352734|89826
352737|89826
352709|98006
352712|93890
352718|97966
352723|98006
352665|93890
352670|98006
352675|98006
352682|98006
353277|93890
353253|98006
353220|89826
353217|68367
352763|89826
352745|89826
353356|97966
353344|97966
353351|97966
353334|98028
353320|68367
353327|98006
353308|68367
353314|68367
353298|93419
353281|93890
353284|93890
352403|98006
352333|89826
352328|68367
352447|68367
352530|93890
352563|97929
352540|93419
352479|98006
352470|98006
352490|93890
294415|93890
294422|97935
293987|97978
294016|93890
294023|97935
294026|93890
293964|97978
293967|93890
293978|97978
293958|93890
293955|68367
293948|93890
293939|93890
293936|97966
293925|93890
293910|97929
293899|97929
293888|97929
293864|93890
293843|93890
293822|250908
293825|97992
293812|89826
293807|108999
293725|93890
293707|93890
293633|68367
295044|93890
295047|93890
295049|93890
295051|93890
295022|93890
295024|93890
295026|93890
295028|93890
295030|93890
295032|93890
295034|93890
295036|93890
295012|93890
295020|93890
295018|93890
295016|93890
295014|93890
295004|93890
295002|93890
295000|93890
294977|93890
294979|93890
294973|93890
294975|93890
294986|93890
294988|93890
294981|93890
294983|93890
294969|93890
294971|93890
294967|93890
289891|68367
289863|98006
289877|68367
289916|68367
289682|250908
289685|250908
289661|250908
289666|250908
289857|98006
289860|98006
289846|97992
289849|97992
289560|98006
289553|93890
289548|97978
289539|250908
289601|98028
289596|98036
289586|89826
293375|97966
293381|97966
293462|97966
293603|97966
293621|97966
811|97992
293150|93890
741|93890
293144|93890
293168|98006
293165|89826
428|97978
293181|98006
2298|97978
293173|89826
293199|250908
393|93890
293202|250908
293284|68367
293208|165711
2459|68416
2404|68416
2394|68367
2356|93890
829|98023
3096|98006
1929|98006
1183|98006
2688|98004
2686|98004
890|57146
231|68416
2035|68416
80|98023
284448|98006
284454|97966
284460|97966
284414|68367
284417|98006
284426|68367
284435|68367
284973|98023
284963|98023
284984|98023
284979|98023
289362|250908
289365|101433
289347|68416
289356|250908
289377|98006
289380|98006
289290|98006
289266|93890
289326|68416
289307|68367
289504|68367
289499|97966
289494|98006
289522|93890
289513|93890
289465|93890
289390|98023
289385|96344
289483|93890
289478|89826
289176|93419
289157|93419
280921|97966
280917|97966
280914|97966
281090|89826
281190|89826
281201|89826
281139|89826
281122|89826
281127|89826
280628|89826
280633|93890
280615|97992
280598|98006
280620|98006
280671|98006
280640|93890
280654|89826
280651|93890
280779|89826
280785|89826
280794|89826
280802|93890
280679|93890
280763|93890
280774|89826
280840|93890
280847|93890
280854|93890
280811|93890
280821|93890
280827|93890
280832|93890
284149|93890
284139|93419
284180|93890
284169|93890
284160|93890
284247|97966
284232|98006
284227|98023
284271|98006
284324|98006
284282|98006
284289|98006
284343|250908
284332|98006
284339|93890
284388|98006
284362|250908
284411|68367
284395|250908
284400|250908
282166|98006
309854|68367
309803|93419
309789|93419
309796|93419
314029|93419
314022|250908
314017|97966
314002|93890
313947|93890
313936|89826
313920|250908
313906|97935
313892|93890
313884|93890
313855|93419
313850|98006
313846|89826
313838|98006
313800|97966
313808|98006
313781|93890
313795|93890
313772|98006
314603|98006
314597|93890
314613|250908
314575|93890
314572|98006
314588|93890
314585|93890
314485|98006
314566|98006
314555|93890
314466|250908
314459|250908
314478|250908
314473|250908
314422|250908
314432|93890
314451|250908
314394|93419
314399|97992
314404|98006
314419|250908
314373|97935
314376|97935
314381|98006
314389|98006
314034|93890
314041|93890
314051|98006
306776|98006
306682|98006
306674|98006
306669|98006
306692|98006
306686|98006
306741|98006
306734|98006
306731|98006
308380|68367
308386|68367
308393|68367
308400|68367
308410|68367
308425|68367
307766|93890
307936|93890
308013|89826
308698|68367
308712|68367
308670|68367
308684|68367
309111|68367
309031|68367
309108|68367
309025|68367
309015|97978
309020|97978
308487|68367
178|250908
308473|68367
2637|93419
592|98006
308442|68367
308655|68367
308638|68367
308621|68367
308552|68367
309271|98006
309282|68367
309288|68367
309246|68367
309252|68367
309256|98006
309263|98006
309324|68367
309331|68367
309334|68367
309297|68367
309310|68367
309147|68367
309185|68367
309178|68367
309239|68367
309192|68367
309155|68367
309169|68367
309162|68367
300547|97978
300552|97935
300557|250908
300564|97955
300570|93890
300573|93890
300576|98026
300496|93890
300501|250908
300504|250908
300512|250908
300525|93626
300530|93626
300536|68367
300849|250908
300865|250908
300857|250908
300878|250908
300869|250908
300895|250908
300888|250908
300605|98006
300751|97929
300903|250908
306431|98004
306550|98004
306553|68329
306542|93890
306547|98006
306530|68329
306527|68329
306516|93626
306511|98006
306504|93890
306661|89826
306658|89826
306644|565779
306617|93890
306577|98006
306558|97978
295187|93890
295193|93890
295195|93890
295189|93890
295191|93890
295201|93890
295203|93890
295197|93890
295199|93890
295217|93890
295219|93890
295213|93890
295215|93890
295232|93890
295229|93890
295227|93890
295225|93890
295241|93890
295239|93890
295245|93890
295243|93890
300179|98023
300319|98006
300324|97992
300313|68367
300298|97992
300305|93890
300284|98023
300293|57146
300385|250908
300493|93419
300373|97978
300382|98023
300345|98023
300359|98023
300333|93626
464724|57146
464738|93890
464760|97966
464756|250908
465508|57146
464282|93890
464288|93890
464306|93890
464329|250908
464321|93890
464318|98028
464311|93890
464366|93419
464359|93626
464343|98023
464336|98004
464453|97992
464443|68367
464440|98006
464370|98004
464458|108999
639|98006
662|97955
537|89826
793|98023
456298|93890
456328|93890
456333|250908
456312|93890
456318|98006
454840|97935
454831|108999
454836|68416
454887|98006
454742|98006
454723|250908
454718|97966
454714|250908
454821|97935
454750|93890
454745|98006
453533|97978
453521|98006
454710|89826
454706|98006
451602|89826
451607|89826
451612|93890
453499|93890
453504|93890
453510|98006
450322|97992
449566|98023
449563|97966
449291|96344
449400|165711
449395|93626
449432|98036
449427|98006
449280|68416
449285|108999
449266|97955
448264|89826
448251|93890
448270|97965
448267|93419
448010|68367
447997|68416
448242|93419
448237|68416
447977|98006
447974|93890
447980|93890
447954|68367
447964|98006
447961|93890
459033|98006
459051|93419
459061|93890
459056|98006
459074|93890
459070|93419
458718|98028
458758|250908
458763|250908
458768|250908
458785|93890
458792|93890
458798|98006
458803|98006
457485|93890
457265|98006
457279|93890
457260|98006
457240|93890
457246|250908
457395|93419
457406|68367
457375|98006
457378|93419
457359|93890
457365|93890
457284|93890
457351|93890
457185|98006
457083|93890
457077|98023
457095|68416
457088|98004
457223|68367
457212|98006
457193|93890
457205|98006
456369|68367
457050|98006
317|89826
629|97978
632|97978
248|93890
1810|93890
3437|98006
2032|97955
1303|97955
3348|97955
2902|97955
1302|97955
198|68367
891|97966
225|68367
466677|108999
466682|97966
466688|93890
466695|93890
466670|108999
466650|98006
466962|250908
466950|93890
466943|93890
466926|68367
466934|98006
466921|98006
466806|97992
466801|98006
466794|98006
466791|93890
466784|93890
466775|98036
466768|98006
466729|93890
466722|98006
466718|97966
466703|68367
465824|93890
466026|97992
468620|98006
468631|98006
467166|93890
467176|98006
468635|97935
468641|97935
468661|98006
468666|89826
468678|93890
468684|68367
468672|97966
468726|68367
468699|68367
468717|93419
401785|98006
401780|98006
401800|98006
401795|98006
401768|98006
401764|97992
401777|97966
401830|98006
401835|98006
401840|98006
401805|98006
401810|98006
401815|98006
401820|98006
401866|68367
401869|68367
401874|68367
401849|98006
401859|68367
401862|68367
402823|68416
401920|250908
401911|97935
401901|98006
401942|93890
401935|98006
401923|98006
401959|98006
401953|98006
401948|68367
401945|98023
401986|93890
401979|93419
401973|98006
401964|98006
402003|89826
401996|93626
402017|250908
402020|250908
402014|250908
402035|97935
402023|250908
402026|250908
402082|98006
402364|98006
402041|93626
402075|93890
806|97992
404473|98006
404463|98028
404466|98047
404451|93890
404454|93626
404443|93890
404448|98006
404437|98006
404440|93890
404560|250908
404553|98028
404546|98023
404521|98006
404514|250908
404511|250908
404507|93419
404499|98006
404493|98006
404476|93890
411527|97966
411536|68367
411543|68367
411590|93890
411593|97978
411602|98006
411629|68367
411493|93890
411501|93890
411511|98006
411515|98006
411777|89826
411712|68367
411788|89826
411986|98006
412035|93890
412022|97966
411641|68367
411634|68367
411696|97935
411709|93890
411703|68416
371428|98023
371364|98006
391673|97935
391677|93890
391723|250908
391474|93419
391504|98006
391497|98006
391490|98006
391487|98004
391646|93890
391641|93890
391665|97978
391655|98004
391651|250908
391343|98006
391348|68367
391351|98006
391366|93890
391372|98006
391376|98006
391384|98006
391389|98006
391392|98006
391397|98006
391408|98006
391411|98006
391417|68367
391428|68367
391457|68367
391307|93890
391316|98006
391311|98004
391327|93419
391320|97992
391330|93419
398063|97935
398058|250908
398053|250908
397973|93890
397968|98006
397964|98004
397959|98004
397951|98006
397946|98006
397941|68367
397937|68367
397933|98006
397927|93890
397922|98006
397787|98004
397755|98006
397758|97966
397744|98006
397750|98006
397725|98006
397735|98006
397709|93890
397715|93890
397692|97992
397695|93890
397623|93419
397685|97978
397615|97978
397618|97966
397596|98004
397593|68367
397612|93890
397606|98006
397590|93890
397587|68416
394532|68367
394529|68367
399808|98047
399805|98047
399329|93419
399180|93419
399175|93419
399307|93419
399293|93419
399058|98006
398987|250908
399086|98006
399081|98006
399103|98006
399096|98006
398961|250908
398980|250908
398971|250908
398124|98023
398127|98023
398147|98006
398156|93890
398166|89826
398173|89826
398189|89826
398069|93890
398079|93890
398088|97992
398097|98023
398109|98023
398117|98023
435628|97978
435660|97978
435651|97978
435638|98006
435804|93419
435845|98006
435930|93890
435819|98006
435953|93890
435988|97935
435934|68367
435938|93890
436141|93890
436144|97978
435998|98006
436003|93890
436159|98004
436151|98006
436169|97992
436166|98023
436182|97978
436174|97978
436245|97966
436242|97929
436271|98006
436252|93890
436274|97966
437552|98004
437572|98006
438178|68367
438159|98004
438134|93890
438117|93419
438114|98006
438075|68367
438279|68416
438274|165711
438266|98006
438216|98006
438213|98006
438207|97992
439224|98023
439232|93626
439212|98006
439218|98006
439196|89826
439202|98006
439167|97929
439175|98006
439762|98023
439822|93890
439746|98023
439755|98023
439729|98023
439737|98023
439254|98006
440221|97966
440233|97966
439854|97929
439897|93890
439881|97955
440402|97955
440354|93419
440392|97955
440368|68416
440713|68367
440724|97966
440727|97966
440731|97992
440427|97955
440437|250908
440706|98006
441447|97966
441452|97966
440987|57146
443057|68367
443062|68367
443079|97966
443084|98006
443070|98006
443073|98006
442835|98006
442582|98023
443197|68367
3008|68367
443192|98006
443180|98006
443173|98006
443291|250908
298|68367
396|98006
443236|98006
552|97978
854|57146
443227|68416
443098|93419
443087|93890
443167|250908
130|97929
277|98004
443162|98006
443159|250908
443101|97978
443804|98006
443811|68367
443950|98006
443988|93890
444092|98023
444099|98006
444138|89826
444002|93890
443995|93890
444048|93890
444013|68367
444069|93890
444051|93890
444077|93890
444072|93890
444463|98023
444490|97978
444316|93419
444458|68367
445110|98006
445062|97978
445038|68367
445018|98004
447731|98004
447737|98004
447740|98004
447881|98006
447877|97935
447896|98006
447893|98006
447788|97966
447795|98053
447774|57146
447784|68367
447777|98026
447757|98006
447753|98006
447764|57146
447760|98006
412066|98006
412057|98006
412181|89826
412069|98006
412189|89826
412217|98006
412206|98026
418959|250908
418945|250908
418951|250908
420259|97955
420179|93890
420789|98006
420794|93419
420702|98004
420728|68367
420733|68367
420741|98004
420492|98006
420485|98006
420556|97966
420402|98036
420429|68367
420611|97992
420584|93890
420699|98004
420686|89826
420561|93890
420573|98004
420566|97992
423461|68367
423470|68367
423454|93890
423384|98004
423296|98006
423306|93890
423717|68416
423693|93890
423712|93890
423479|68367
422526|250908
423275|98006
424065|250908
424058|250908
424080|250908
424073|250908
424107|98006
424099|93419
424261|98006
424016|250908
424027|98006
424019|250908
424039|250908
424053|250908
424046|250908
423968|250908
423994|250908
424002|250908
423786|250908
423894|98006
431140|93890
425120|98023
424943|250908
424970|250908
424991|250908
424996|250908
424975|250908
424982|250908
431361|98006
431341|93890
431344|93890
431347|93890
431272|98006
431329|98006
431255|98006
431149|98004
431166|98004
435438|98006
435387|98006
435372|93890
435329|93419
434179|93890
504476|98006
504523|98004
504530|98004
26793|68367
29072|97978
28378|68367
29207|98023
29073|250908
29822|98006
30391|93890
320|97978
724|97955
230|68367
725|98006
590|98006
404|97978
756|93626
162|97966
545|250908
88|97992
102|98006
824|250908
729|97992
25980|98006
26137|98028
26106|250908
505395|97955
25968|98006
26790|250908
26792|68367
26791|68367
26348|97992
26349|97992
831|98006
49|93890
227|93890
674|93890
386|57146
266|98006
353|98006
219|98006
641|98006
119|98006
603|98006
505227|98004
505237|93890
588|93890
899|93890
505216|98006
272|93890
505208|98006
268|98006
600|98006
505248|93890
609|98006
602|98006
505242|98006
508093|98006
508533|93419
508542|93890
508410|93890
508512|89826
508529|89826
508523|98006
508488|93890
508476|93890
508501|93890
508498|93890
505652|98006
506784|89826
506334|68367
506307|93890
506358|93890
506353|98006
506136|250908
506090|250908
506098|250908
506112|250908
506075|250908
495274|98006
495844|98006
495818|93890
495879|93890
495875|93890
495930|250908
496641|93890
496686|98006
496689|98006
496693|93890
496751|93890
496756|98006
496790|98006
494433|97978
494439|93890
494424|93890
494428|97955
494451|250908
494454|250908
494444|98036
494448|250908
494344|93890
494418|250908
494421|93890
494547|250908
494541|98006
494526|98006
494550|250908
500180|98006
500188|98036
68|68416
781|68416
500150|93890
500159|93890
500163|93890
302|89826
297|68416
500166|93890
182|68416
128|68416
283|68416
210|68416
76|68416
74|68416
108|68416
78|68416
500135|93890
500144|93890
500055|93890
500095|93890
500062|98023
129|89826
123|68367
898|93890
500478|250908
518|250908
500481|250908
318|250908
514|250908
517|250908
505|89826
346|89826
222|89826
202|89826
170|89826
500548|93419
169|89826
500533|98006
168|89826
500545|98006
345|89826
591|68416
723|68416
472|68416
504|68416
401|68416
390|68416
400|68416
500464|250908
520|250908
529|89826
826|68416
879|68416
502305|98036
502318|98036
502363|250908
502366|250908
502423|93890
502430|93890
502434|93890
502437|93890
502499|89826
502444|98006
432|97978
91|97978
785|97978
873|250908
679|89826
901|89826
703|89826
841|89826
867|89826
735|89826
497906|98006
659|89826
737|89826
523|250908
497737|89826
314|89826
497757|89826
497764|98006
530|89826
493|89826
497188|250908
454|89826
490|93890
238|93890
617|101433
488|93890
105|93890
237|93890
734|97992
721|97992
722|97992
749|97992
853|97992
483|97992
498359|89826
852|97992
465|97992
498251|96344
1332|250908
73|93890
498228|250908
728|98023
142|250908
143|250908
759|97978
786|97978
1676|93890
1666|93890
1461|93890
1205|93890
3192|93890
875|250908
499085|97966
334|97929
615|97929
874|250908
499009|93890
499004|68416
1330|93890
1677|93890
498497|93419
720|89826
864|89826
498602|93890
498693|93890
444|89826
2221|89826
498474|93419
492|89826
498481|93419
499|89826
498485|93419
573|89826
498488|93419
525|89826
700|89826
840|93890
498494|93890
384|89826
315|89826
409|89826
41|89826
122|250908
38|89826
39|89826
241|89826
316|89826
211|89826
3282|97929
188|98023
3406|89826
499182|89826
2908|89826
81|98023
499107|97966
563|97929
764|68416
499096|97966
779|98023
499103|97966
838|98023
889|98023
482|98023
485426|57146
486811|93890
486815|98006
485418|98006
485421|98006
485405|93890
485350|98006
485358|93890
485275|93890
482606|93890
482601|98006
31828|108999
480864|98006
31837|97955
480907|93890
480898|93890
480880|93890
480556|57146
480553|93419
480541|250908
31709|98006
31826|108999
480851|97992
31827|108999
31824|108999
480701|98006
480682|98006
31825|108999
481665|98006
482077|98006
481986|93890
481152|93890
481662|89826
480476|57146
480491|57146
480483|57146
480528|93890
480524|93890
480536|97935
480531|93890
480506|57146
480501|57146
480520|57146
480512|57146
477814|93890
477781|68329
477787|97992
478029|68367
478042|68367
477993|93890
477857|98004
477817|93890
477831|93419
478049|68367
478664|98006
477650|98023
477661|97935
477684|68367
477673|98006
477738|98006
477749|98006
477742|89826
477774|68367
476119|93890
476113|98004
476126|93890
476406|98006
476394|98006
493342|89826
493348|89826
488642|93890
488647|98006
488650|98006
488618|68367
488627|93890
488632|93890
488635|68367
488265|93419
488239|97966
488232|93890
488333|98006
488280|250908
488586|93890
488437|93890
488434|93890
488613|98006
488594|98006
488197|97966
488168|68367
488191|98047
487796|97992
487814|98006
487809|97935
487825|93890
31205|68416
31204|68416
31202|68416
31150|97978
31142|89826
31043|93626
31112|250908
30924|93626
30925|97978
476084|98006
476096|89826
476102|98023
476093|98006
71278|98006
71279|98006
71271|93890
71272|98006
71273|93626
71274|250908
71275|97992
71276|98036
71277|98006
71212|68367
71211|98006
71267|93890
71213|97966
558411|97935
70591|97955
70592|98004
70589|97955
70590|97955
70595|98006
70596|68416
70593|98004
70594|98006
70578|97955
70573|250908
70568|250908
70588|97955
70587|97955
70474|68367
70472|68367
70567|250908
70476|97966
70475|97935
69744|89826
69745|89826
69735|89826
69736|97966
69737|93890
69739|98006
69663|57146
69665|57146
69723|68367
69126|98023
69087|93890
69125|89826
69088|93890
69083|93890
69082|93890
69085|93890
69084|93890
69077|250908
69076|93626
69078|250908
69061|93626
69063|93626
67048|68367
67046|68367
67047|68367
67044|97992
67045|97978
67042|97966
67043|68416
67039|98026
67041|68367
67038|250908
66662|250908
67036|97966
66661|250908
66637|93890
66634|68367
66633|98036
66631|93890
66630|93890
66629|93890
66628|97978
66627|98023
66625|93890
66624|98006
66529|97929
66518|97978
65798|93890
65283|97929
65282|97929
562639|57146
65285|93890
65284|98006
65287|68367
65286|93890
65681|93890
65288|98006
65683|98006
65682|57146
65720|93890
65684|98006
65748|89826
65743|93890
65759|93890
64744|97978
64745|89826
64748|98006
64751|98006
562509|68367
64752|98006
64753|98006
64754|89826
562528|93890
64755|89826
562559|98006
562538|68367
65250|98006
562569|93890
64686|97966
64545|98006
64542|93890
64280|98006
64722|96344
64720|250908
64694|68416
64692|68416
64739|96344
64734|97966
64743|57146
64742|250908
64741|250908
561854|98006
63269|93890
63259|93890
63260|93890
63442|93419
63273|98006
63275|89826
63455|89826
63446|93419
63999|97955
63862|93890
60040|93890
60039|98006
60041|97929
60032|97955
60033|97955
59303|93890
563954|93890
563951|93890
59306|98006
59298|98006
60015|93419
564003|93419
60025|97955
563991|93419
60026|97955
564178|93626
60030|98023
59315|93890
60014|108999
57777|97929
57196|93419
563690|68416
563708|97935
57145|98006
563684|68416
563687|68416
563671|250908
56425|97992
563676|250908
59181|97966
59135|98006
58040|250908
58017|250908
57782|93419
55595|98006
55596|98006
54595|97978
54368|68416
54370|93626
54272|250908
56304|93419
563666|250908
56305|93419
563612|93890
563609|93890
563589|57146
55880|250908
563581|57146
55881|250908
563576|57146
55654|89826
55655|68416
565837|98006
565858|93890
565788|97935
565899|98006
565909|98006
79233|93626
79230|57146
79237|68367
566067|98023
79234|57146
79235|57146
565624|98006
565612|97929
565641|97935
565782|108999
79157|68367
79156|98006
79155|98006
79154|68367
79153|89826
79152|89826
79151|89826
79150|89826
79149|97966
79148|89826
79147|89826
79146|89826
79145|89826
79144|89826
79143|89826
79159|68367
79107|93890
566231|97978
79106|93419
566243|97978
79118|97978
566393|250908
79113|93890
79102|98006
79105|250908
79099|98023
79098|97966
79101|68367
566192|97992
79100|89826
79095|57146
79094|93890
566175|97935
79097|98006
79096|98006
79138|98006
79139|68416
79140|250908
79141|89826
79134|97978
79135|98006
79136|98006
79137|98006
79129|93890
79133|93890
79124|98004
566396|250908
79126|97955
79127|97955
79128|97955
77293|68367
77295|98006
77261|68367
77292|68367
77298|93890
77299|93890
77296|93890
77297|98023
567502|93890
77300|93890
77301|93890
567550|93626
567548|93626
567546|93626
567544|93626
567552|93626
79083|97978
79078|98023
79076|97935
79087|97978
79086|97978
79085|97978
79084|97978
567983|57146
79093|98006
79091|98006
75327|97966
75373|97966
75374|97966
75376|97966
75377|97966
75378|97966
75381|97966
75382|97966
566847|93890
75389|93890
566841|250908
75391|98004
566857|93890
75392|98023
566852|93890
75496|98023
75497|98023
566862|93890
75508|93890
75563|97992
566943|93419
75565|97929
75564|97992
75567|98006
75566|97929
75857|93890
75840|98006
75858|93890
77258|93890
77260|68367
77259|68367
73271|97992
73263|68416
73267|98006
73256|97966
73260|68416
73246|93890
569821|93890
73423|108999
569816|93890
73272|97978
73273|97978
75326|98006
75325|93419
75249|97929
75234|68367
75233|68367
568065|93890
71290|97992
568062|93890
71493|97992
71505|97966
568056|93890
568051|93890
71289|93890
71526|97978
71528|97978
71529|97978
569164|250908
71517|98006
71518|98006
71519|98006
569274|68367
569290|68367
569248|250908
73229|98006
73224|93626
73245|98006
73230|93419
73223|93890
40366|93890
40923|97966
39812|98004
530849|97978
39041|98004
530838|89826
39044|250908
530792|250908
38874|68367
37748|98023
530303|98006
37612|98006
37559|89826
530298|98006
37553|98006
37202|101433
37042|98004
36913|97978
36899|98006
531151|98006
530983|93890
530995|250908
41751|97966
42062|68367
35706|68367
35704|68367
35710|97935
35737|93890
35708|68367
35689|98006
35701|68367
35612|93890
35173|93419
35687|98023
35686|97966
35664|68367
35120|97992
35107|93419
35099|93890
35125|93890
35122|97935
35121|68367
36387|98006
36397|89826
36412|98023
36426|89826
36355|97992
36367|93890
36382|98006
36383|98006
36386|98006
36234|68416
36236|68416
36235|68416
36238|68416
36237|68416
36273|250908
36258|98023
35878|68367
35858|97992
35909|97992
35889|108999
33572|68367
33543|98006
33475|68416
33445|98006
33408|89826
535458|97978
33402|250908
34217|97929
34149|93626
33577|89826
33574|97992
33573|68367
33110|98004
33111|250908
33108|93890
33067|93419
33069|98006
33001|93890
33355|98004
535453|97978
33364|93890
33276|250908
33314|89826
33208|98006
33226|250908
35069|98006
35093|93890
35078|98004
35063|57146
35062|68416
34520|98006
34514|98006
34515|98006
34516|98006
34587|68367
34592|98004
34528|93626
536516|98023
536471|98023
536467|98023
536545|98023
536532|98023
537072|98023
32960|98023
52530|97992
52429|93890
538096|98006
52503|68367
538101|98006
52430|98006
52416|250908
52427|97966
52417|250908
52056|93890
52055|93890
52368|93890
53271|93890
53296|89826
53347|98006
52994|250908
53035|57146
52901|97978
53690|97935
53689|97935
538863|89826
538756|250908
538574|93890
53583|98006
53540|93890
53372|98006
53351|98006
54260|97929
54247|98006
538934|98004
54251|98023
538931|98004
54057|97992
54028|97992
53719|93890
53721|93890
53698|98006
53715|89826
53696|93890
538872|89826
53697|93419
53691|97966
538869|89826
538866|89826
53693|68367
48818|98006
48736|250908
49041|165711
48918|98006
49382|97966
49042|98026
538958|98004
48431|93890
538963|98004
48435|98023
48686|250908
48652|93890
50809|93419
50810|93890
50811|93419
50812|98006
50814|93890
50815|93890
49566|97992
49804|89826
49827|97992
50251|250908
50945|93419
50944|93890
51084|97929
51083|97929
50839|68416
50817|93890
50943|89826
50942|89826
50918|98023
52054|93890
52022|93890
52047|93890
51608|98028
51188|98006
541423|98006
51208|68367
541507|93890
51636|98004
541454|93890
51890|98006
541443|93890
542306|97929
542301|98004
542310|98006
42642|98004
42665|93890
542323|98023
43117|108999
542585|68367
43116|98006
542592|89826
43393|98006
43119|108999
542643|89826
42775|93890
43115|68367
542568|93890
45448|98006
543470|68367
45453|97929
45452|97929
542657|89826
44890|250908
45358|97966
46487|89826
544254|98006
46488|89826
46486|89826
46348|98006
46059|68367
46135|250908
47044|250908
46724|93890
46627|93890
46532|97992
48372|57146
48162|98006
544493|93626
48104|98023
544503|93890
47612|98023
544482|93626
47159|93626
544488|68367
544469|98006
544472|93626
47045|98023
544628|97978
544602|98006
48377|89826
544578|101433
555402|68367
555434|57146
555407|68367
555437|57146
555874|93890
555877|93890
555905|89826
556030|97978
556037|97978
556985|98006
556955|93890
557064|98006
557056|98006
557003|93419
90065|98006
519392|97966
90066|97955
519390|97966
519396|97966
90068|108999
519384|97966
90062|57146
519388|97966
90064|98028
519386|97966
90073|57146
519408|97966
519406|97966
519410|97966
90076|97992
90069|108999
519400|97966
519398|97966
519404|97966
519402|97966
90050|97966
90045|97992
90052|57146
90051|98023
90041|97992
90039|97992
90044|97992
90042|97992
90058|98006
90060|97955
90059|98036
90053|565779
90056|98006
90024|98036
90023|98004
90020|98006
90021|98006
90002|98023
90003|57146
90037|97992
90038|97992
90035|97992
90036|97992
90031|97992
90033|97992
90026|98006
90030|97992
89936|93419
89844|93890
89843|89826
89842|89826
90001|97966
90000|89826
89938|93626
89937|93419
90340|98023
90342|89826
90348|89826
90349|89826
90354|98023
90362|97935
90363|97935
90289|89826
90301|97978
90291|98023
90308|93890
90307|93890
90322|93890
90321|93890
90324|93890
90156|89826
90157|89826
90153|93419
90154|93419
90160|89826
90158|89826
90159|89826
90280|89826
90281|89826
90186|93890
90285|89826
90282|89826
90283|89826
90080|97966
90078|68416
90103|98006
90081|98004
90118|98006
90117|98006
90120|98006
90119|98006
525731|97978
525738|98006
88644|98006
88659|93626
88660|93626
88661|98026
88637|98006
88639|98006
88642|98006
88643|97978
88633|97966
88635|98006
88621|89826
88628|98006
88629|97966
88630|93419
88620|98036
88619|98006
88618|98006
88616|98006
87884|98036
87876|68367
87503|89826
86923|89826
86920|89826
86919|89826
86918|89826
86915|93890
522077|98006
86913|98006
522037|97935
86914|93890
86909|98006
86911|98006
86906|98006
86908|98006
86903|250908
521450|98023
86904|250908
521445|93890
521438|93890
86900|250908
521432|57146
86902|250908
521426|93890
86896|250908
521414|98006
86897|250908
521258|93890
521305|98006
521308|93890
521390|98006
521406|98006
89838|89826
521411|98006
521123|98006
521127|93419
521219|57146
88949|93626
88950|93626
88940|93626
88939|93626
519930|97966
88938|93626
88924|93890
88918|93626
88919|93626
88917|93626
93256|98006
528105|93626
528091|68367
528084|98006
93262|93890
93260|93890
93259|93890
93258|93890
93271|93419
93269|93419
93270|93419
93267|93890
93268|93419
93282|93419
93283|93419
93279|93419
93276|93419
93277|93419
93274|93419
93108|93890
527497|98006
93101|93890
93110|93890
93109|93890
527450|93419
91547|68416
93100|93890
527468|93890
92050|97935
93160|93419
93164|93626
93114|98006
93111|97978
93126|93626
93177|93890
93172|93890
93173|93890
93176|93890
93322|93890
93321|93890
93320|93890
93325|93419
93324|93419
93323|93890
93329|93419
93328|93419
93336|93890
93335|93890
93334|93890
93333|93890
93339|93890
93337|93890
527276|98006
93338|93890
93349|93419
93346|93419
93347|93419
93356|93419
93351|93419
93352|93419
93284|93419
93292|165711
93293|93890
93296|93419
93298|93419
93297|93419
93299|93419
93302|93419
93304|93419
93307|93419
93308|93419
93311|93419
93314|93419
93315|93419
93316|93419
93317|93419
529962|93890
529864|98006
529852|250908
90673|97978
90674|97978
529831|108999
529808|98006
90658|98006
529799|98006
90791|93890
90790|93890
529980|97935
530033|93890
529977|97935
90695|97978
529965|93890
529970|98047
90400|89826
90625|98036
90635|98036
90636|98036
90396|89826
529468|250908
90397|89826
529574|98036
90398|89826
90399|89826
90393|89826
90394|89826
90395|89826
90368|89826
90389|89826
90390|89826
90653|93419
90652|93419
90654|93419
529665|93890
90647|97929
90650|93419
90646|98036
90641|98036
91387|93890
91396|93890
91412|97966
91413|97966
91397|93890
91411|97966
91354|97978
91355|97978
91364|97955
91358|93890
91359|97955
91496|97966
91495|97966
91494|93890
91492|97966
91546|68416
91500|93626
91498|97966
91481|97966
91416|93890
91414|89826
91491|93890
91490|93890
91489|93890
91483|93890
91127|68416
91130|68367
91131|68367
91132|89826
90793|93890
90794|93890
90795|93890
90796|93890
90797|93890
91347|97978
91349|97978
91348|97978
91351|97978
91350|97978
91352|250908
91136|93626
91135|89826
91138|98023
91140|98023
91139|97992
528623|98023
528647|98023
528663|98023
79396|89826
79397|89826
79394|89826
79395|89826
79414|89826
79399|89826
79401|89826
79400|89826
79403|89826
79402|89826
79405|89826
79404|89826
79406|89826
79409|89826
79408|89826
79411|89826
79410|89826
79452|93890
79447|93890
79456|89826
79457|89826
79455|89826
79435|89826
79434|89826
79433|89826
79432|89826
79431|89826
79430|98004
79445|97978
79444|97978
79443|97978
79483|93890
79484|93890
79485|93890
79478|89826
79479|89826
79480|89826
79481|89826
79490|93890
79492|89826
79493|89826
79489|93890
79467|89826
79466|89826
79468|89826
79474|93890
79477|89826
79476|89826
79473|68367
79264|98006
79263|98006
79262|98006
79269|68367
79257|68367
79256|68367
79255|68367
79254|68367
79259|68367
79258|68367
79246|68367
79253|68367
79240|68367
79241|68367
79238|68367
79239|68367
79244|68367
79242|68367
79243|68367
79299|68367
79301|57146
79293|97978
79292|97978
79278|68367
79279|68367
79280|68367
79281|68367
79282|68367
79283|68367
79284|68367
79270|68367
79271|68367
79272|68367
79273|68367
79276|68367
79277|68367
79333|68367
79332|68367
79330|68367
79329|68367
79328|68367
79327|68367
79326|68367
79325|68367
79324|68367
79323|68367
79322|68367
79321|68367
79320|68367
79319|68367
79318|68367
79314|68367
79315|68367
79312|68367
79310|68367
79311|68367
79306|57146
79304|57146
79305|57146
79302|57146
79303|57146
79351|98006
79350|98006
79346|93419
79347|93419
79345|93419
85191|93419
85188|93419
85193|93419
85192|93419
85195|93419
85194|93419
85197|93419
85199|93890
85198|93419
85201|93890
85200|93890
85203|93890
85202|93890
85273|93890
85212|68367
85274|93890
85275|93890
85276|93890
85277|93890
85278|93890
85279|93890
85280|93890
85282|93890
85283|93890
85284|93890
85285|93890
85286|93890
85287|93890
85288|93890
85293|93890
85292|93890
85290|93890
85317|93890
85297|93890
85295|93890
85294|93890
85321|93890
85320|93890
85319|93890
85325|93890
85324|93890
85323|93890
85322|93890
85329|93890
85326|93890
85327|93890
85332|93890
85336|93890
85334|93890
85335|93890
85410|98023
85414|98023
85338|93890
85408|98023
85443|98023
85442|97978
85446|98023
85445|98023
85436|98023
85435|98023
85438|98023
85458|98006
85453|89826
86788|98004
86309|68367
85448|98023
85447|98006
85451|97929
85450|93626
86812|98006
86813|97966
86814|98006
86815|97966
86789|93890
86797|89826
86820|93419
86821|93890
86822|93890
86816|97992
512017|250908
86817|97992
86818|93890
86819|89826
86843|250908
86841|250908
86839|250908
512103|89826
86834|250908
86830|250908
86829|250908
86855|250908
512260|98006
86854|250908
86852|250908
86850|250908
86849|250908
86845|250908
86872|250908
86873|250908
86870|250908
86871|250908
86867|250908
86869|250908
86861|250908
86864|250908
86886|250908
86893|250908
86884|250908
86885|250908
86880|250908
86882|250908
86875|250908
86879|250908
79502|89826
79503|89826
79506|97978
79507|68367
79495|89826
79499|93890
79500|93890
79501|89826
79665|97935
79643|68367
79651|68367
79644|68367
83317|68416
83330|98006
83315|68416
83316|68416
83419|98006
83420|98006
83418|98006
83313|68416
83314|68416
83311|68416
83312|68416
83469|250908
83468|93419
83467|98006
83465|98006
83476|68416
83473|93890
83472|93890
83471|98004
83452|98006
83451|98026
83450|98026
83463|93890
83461|93890
83454|93890
83453|96344
514352|93890
83619|93890
83620|97935
83628|93890
83601|98006
83616|68416
83617|93890
83594|68416
83595|68416
83597|98006
83600|68416
83482|68416
83483|68416
83484|68416
83593|68416
84085|101433
84081|93626
84090|93626
84087|93626
84064|97935
84065|97935
513436|98006
83639|97992
83629|98006
513456|93890
83642|97992
85163|93890
85164|93890
85146|98006
85162|98006
85138|97978
85128|97966
85136|98006
85110|98006
85112|93890
84132|98006
84142|98006
84093|98006
85186|93419
85184|93419
85182|93419
85179|93419
85175|93419
85174|93419
85173|93890
85172|93419
85170|93419
85169|93890
85168|93419
85167|93419
85166|93419
85165|93419
603448|93890
603515|93890
603494|93890
603689|93890
603684|93890
603694|98006
610573|98006
610569|93890
604680|98006
611256|93890
611237|98006
611247|93890
611216|97992
611223|93419
611201|93890
611207|93419
613267|93890
613274|93890
600668|93890
600663|98006
600691|97992
600731|93890
98267|97978
601028|93890
601033|93890
601008|93890
601013|93890
601018|93890
601023|93890
600984|93890
600993|93890
600998|93890
601002|93890
600961|93890
600952|93890
600975|93890
600966|93890
97244|98006
97261|97978
97252|93890
97249|93890
97279|97978
97278|97978
97285|250908
97283|97978
97282|97978
97280|97978
97289|250908
97290|250908
97286|250908
97287|250908
97292|97929
97332|93419
97335|93419
97297|93890
97330|97962
97338|250908
97339|93890
97336|93419
97337|93419
97341|97966
97340|93890
97346|98006
97345|98006
97349|98006
97352|89826
97353|98006
97360|93890
97355|98006
97361|93890
97362|93890
97363|93890
97364|93890
97366|93890
97367|93890
97368|93890
97369|93890
97548|93890
97560|93626
96183|93890
96182|93890
96181|93890
96180|93890
96179|93890
96178|93890
96177|93890
96176|93890
96191|93890
96190|93890
96188|93890
96187|93890
96186|93890
96185|93890
96184|93890
96194|93890
96195|93890
96192|93890
96193|93890
96253|97978
96201|93890
96269|93890
96264|93890
96263|93890
96266|93890
96265|93890
96334|93890
97214|93890
96369|98006
97234|68367
97238|98006
97239|98006
97240|98006
97229|98006
97230|89826
97232|98006
600194|97992
97678|93890
97598|93890
97567|93626
97564|93626
97566|93626
97563|93626
97685|93890
95707|93890
95706|93890
95702|97978
95715|97978
95716|97978
95713|97978
95712|97978
95619|97978
95613|97978
95700|97978
95699|93890
95626|97978
95507|93890
95512|97978
95513|97978
95491|93890
95486|93890
95496|97978
95494|97978
95443|93890
95448|93890
95433|98006
95434|98006
95457|93890
95455|89826
95462|93890
95459|93890
95461|93890
95474|93890
95465|93890
95232|93890
95159|68367
95428|68367
95427|97935
95409|97978
95431|96344
95430|98036
95429|89826
94091|98006
94093|98006
94122|98006
94124|98006
94125|98006
94147|98006
94150|89826
94064|98036
94063|93419
94066|93890
94065|93890
94068|93419
94083|93890
94080|97978
94086|68367
94088|93626
94087|89826
94090|97978
94089|97978
96175|93890
96173|93890
96172|93890
96171|93890
96170|93890
96169|93890
96168|93890
96167|93890
96160|93890
96150|93890
96148|93890
96149|93890
96147|93890
96145|93890
96129|93890
96125|93890
96126|93890
96121|93890
96123|93890
96112|93890
96107|93890
96106|93890
96105|93890
96109|93890
96098|93890
96097|93890
96096|93890
96103|93890
96102|93890
96101|93890
96100|93890
96094|93890
96095|93890
96092|93890
96072|93890
96074|93890
96076|93890
96078|93890
96069|93890
96068|93890
96071|93890
96070|93890
96059|93890
96060|93890
96061|93890
96063|93890
95717|97978
95719|97978
95720|97978
95854|93890
96055|93890
597623|98006
597733|89826
597738|93890
597887|97935
93555|98023
93554|98023
93557|250908
597939|97978
93556|250908
597743|93890
597746|93890
93552|98023
597874|98006
93562|93626
598216|250908
598603|93890
598363|98023
93558|250908
598164|98006
93560|93626
93561|93626
93571|93626
93568|98023
93569|98023
597201|97935
93474|68367
93476|68367
93473|68367
93399|68367
93398|93419
93400|68367
599373|98006
93403|93890
599376|98006
93402|93890
93405|93890
599418|98023
93404|93890
599480|97992
599485|97992
93406|93890
599490|97992
93409|93890
599495|97992
599501|97992
599507|97992
599513|97992
599519|97992
599579|97992
93360|93419
93359|93419
93358|93419
93357|93419
599082|93890
93372|97978
93382|93890
93383|93890
93387|93890
93388|93890
93384|93890
93396|93890
93397|93890
93394|93890
595356|89826
93969|93890
93964|98006
93958|98006
94059|97992
94058|97966
94056|93890
93976|93890
93932|93890
93930|93890
93928|93890
93929|93890
93926|93890
93924|93890
93925|93890
93921|93890
93953|97955
93952|93890
595109|97929
595133|250908
93950|93890
595098|97929
93947|93890
595105|97929
93946|93890
93945|93890
93941|93890
93940|93890
93939|93890
93938|93890
93616|97992
93622|93626
93623|93626
93672|98023
93685|97992
93591|93626
93592|93626
93589|93626
93598|93626
596008|93890
93583|97992
93585|97992
93581|93626
93610|93626
596759|98004
93608|93626
93607|93626
93613|93626
596937|57146
93612|93626
596941|57146
93602|93626
93601|93626
596448|98023
93600|93626
93599|93626
93606|93626
596753|98023
93605|93626
99092|93890
99094|93890
99087|93890
99089|93890
99090|93890
99083|93890
99084|93890
99079|93890
99081|93890
99082|93890
99076|93890
99075|93890
99078|93890
99077|93890
99072|93890
99071|93890
99068|93890
99067|93890
99070|93890
99064|93890
99063|93890
99125|93890
99123|93890
99124|93890
99121|93890
99122|93890
99119|93890
99120|93890
99117|93890
99118|93890
99113|93890
99114|93890
99111|93890
99112|93890
99110|93890
99109|93890
99107|93890
99106|93890
99105|93890
99104|93890
99103|93890
99102|93890
99101|93890
99100|93890
99099|93890
99098|93890
99095|93890
99147|97992
592850|98006
592856|98006
99135|97992
592869|98006
99138|97992
592873|98006
592885|97966
592888|97966
99139|97992
592894|98006
592900|98006
99141|93890
99130|93890
99129|93890
99131|93890
99329|93890
99330|93890
99228|93890
99324|93890
99361|250908
99177|93890
99176|97966
99226|93890
99179|97966
99170|97966
99169|97966
99172|97966
99171|97966
99657|98006
99429|93890
99642|93419
99413|93890
99647|93419
99646|93419
99688|93890
592574|93890
592564|98006
592570|93890
99672|93890
99718|97966
590539|250908
99725|97978
589821|98006
589827|98006
99701|98006
589824|98006
589833|98006
589830|98006
99704|93890
589905|93419
589856|93890
99710|89826
99750|98006
99749|98004
99748|68416
99757|250908
99756|250908
99734|98006
99731|68367
99732|68367
99735|98006
99736|98006
99741|93890
99742|93890
99745|68416
98820|98006
98819|98006
98818|98006
98816|98006
98815|98006
98813|93890
98811|98006
98810|98006
98809|98006
98808|98006
98807|98006
98838|250908
98835|250908
98833|250908
98834|250908
98831|250908
98832|250908
98829|250908
98827|250908
98825|250908
98826|250908
98823|250908
98824|250908
98852|97955
98851|250908
98853|98006
98848|250908
98850|250908
98849|250908
98844|250908
98843|250908
98846|250908
98845|250908
98839|250908
98842|250908
98841|250908
589608|93890
589595|250908
98868|97992
98869|97992
589618|98006
98870|97992
589534|250908
98863|98006
589527|98006
589547|98006
589542|250908
589442|93890
589435|93419
589522|98006
589515|98006
98855|98006
98856|98006
98881|97992
98880|97992
98879|97992
98886|97992
98885|97992
98873|97992
98872|97992
98871|97992
98878|97992
98897|98006
98895|98006
98896|98006
98902|98006
98889|93890
98890|93890
98893|98006
98892|93890
98912|98006
98911|98006
98914|98006
98913|98006
98916|98006
98915|98006
98918|98006
98917|98006
98904|98006
98905|98006
98908|98006
98907|89826
98909|98006
98933|98006
98934|98006
98919|98006
98920|98006
98922|98006
98942|93890
98938|93890
98949|93890
98950|93890
98947|93890
98948|93890
98945|93890
98946|93890
98943|93890
98944|93890
98958|97966
98957|97966
98956|97966
98955|97966
98954|97966
98951|97966
98964|97966
98963|97966
98962|97966
98961|97966
98960|97966
98959|97966
98971|97966
98972|97966
98973|97966
98974|97966
98967|97966
98969|97966
98970|97966
98979|97966
98980|97966
98981|97966
98975|97966
98976|97966
98977|97966
98978|93890
98988|97966
98990|97966
98989|97966
98984|97966
98985|97966
98995|97966
98992|97966
98991|97966
98994|97966
98993|97966
99001|97966
99002|97966
99000|97966
99003|97966
99004|97966
99013|98006
99014|93890
99015|98006
585867|250908
585877|250908
585909|250908
585936|250908
585942|250908
585918|250908
585929|250908
99027|98006
585956|250908
585948|250908
586130|98006
99042|93890
99043|93890
99045|93890
99046|93890
99048|93890
99050|93890
99049|93890
99052|93890
99051|93890
99054|93890
99053|93890
99056|93890
99055|93890
99058|93890
99057|93890
99060|93890
99059|93890
99062|93890
99061|93890
98606|97966
98676|97966
98673|97966
98619|97966
583602|68367
583607|68367
583595|68367
583612|68367
583856|97935
583861|97935
98686|97966
583097|93890
98798|93890
98797|93890
98795|93890
98794|93890
98793|93890
98791|93890
98806|98006
98805|98006
98784|98006
98764|98006
98763|98006
98766|98006
98765|98006
98760|98006
98759|98006
98762|98006
98761|98006
98772|98006
98771|98006
98773|98006
98768|98006
98767|98006
98769|98006
580940|93890
580951|97966
580933|93890
98755|98006
98756|98006
98757|98006
98758|98006
581271|98006
98754|93890
580572|250908
576232|93890
576235|93890
576227|93890
576074|97955
575553|98006
576379|98006
576349|98023
576370|98006
576242|93890
576283|93890
576278|93890
573253|93890
574957|98004
574918|98004
573278|93890
572385|93890
572361|93890
572428|97955
98434|97992
572543|98006
572550|98006
572773|93890
572798|68367
572761|93890
572768|93890
572013|93890
572333|93890
572354|93890
570762|68416
570491|68367
570470|97992
570438|97992
570431|97992
570422|68367
570371|93626
104077|97935
104076|250908
104075|250908
103920|97935
103918|97935
103910|97935
103908|97935
103909|97935
103907|97935
102724|250908
102379|250908
102381|250908
104078|97935
101932|93890
101685|98006
101351|93890
101150|98006
101111|98006
101112|98006
101109|98006
101110|98006
101108|98006
101334|68416
101330|68367
101206|93890
101085|98006
101088|98004
101081|98006
101082|98006
101083|98006
101084|98006
101077|98006
101078|98006
101075|98006
101076|98006
101102|98006
101101|98006
101104|97966
101097|98006
101096|250908
101090|98004
101089|98004
101092|98004
101091|98004
101049|97978
101050|97978
101043|93890
101041|97992
101046|98006
101068|97966
101071|93890
101070|93890
101063|93890
101023|93890
101009|98006
101010|98006
101011|98006
101016|97929
101039|93890
101028|68367
101030|93890
101029|93890
100984|98006
100978|93890
100991|98006
100989|98006
100988|98006
100986|98006
100985|98006
100999|98006
101000|98006
100997|98006
100998|98006
100995|98006
100996|98006
100993|98006
100994|98006
101007|98006
101008|98006
101005|98006
101006|98006
101003|98006
101004|98006
101001|98006
100085|250908
100084|250908
100086|250908
100093|250908
100924|68367
100973|93890
100974|93890
100976|89826
100054|98023
100051|98023
100057|98023
100056|98023
100055|98023
100069|98006
100070|98006
100067|97978
100073|97962
100075|250908
100071|93890
100078|250908
100079|250908
100082|250908
100083|250908
100080|250908
100081|250908
100020|250908
100019|250908
100022|250908
100021|250908
100024|250908
100026|250908
100025|250908
100032|98026
100031|98026
100034|98026
100033|98026
100035|57146
100043|98006
100044|98006
100045|98006
100046|98006
100047|93890
100048|93890
100050|98023
100016|93890
100015|93890
100012|93890
100011|93890
100014|93890
100013|93890
100008|98006
100003|98006
100006|98006
100000|98006
100001|98006
100002|98006
99995|98006
99991|68416
99994|98006
99989|97978
99990|68416
99981|97955
99978|250908
99977|250908
99976|250908
99971|250908
99969|250908
99970|250908
99967|250908
99965|98006
99966|250908
99961|57146
99960|57146
99955|98006
99956|98006
99948|98006
99947|98006
99950|98006
99949|98006
99952|98006
99951|98006
99954|98006
99953|98006
99940|98006
99939|98006
99942|98006
99941|98006
99944|98006
99943|98006
99946|98006
99945|98006
99931|97955
99932|97955
99933|250908
99934|250908
99935|250908
99936|98006
99937|98006
99938|98006
99925|250908
99926|250908
99927|250908
99928|250908
99930|97955
99918|68416
99917|250908
99916|250908
99915|250908
99922|97966
99921|98004
99920|98004
99919|68416
99908|97955
99907|97955
99914|250908
99912|250908
99901|68367
99905|68416
99906|97955
99903|68416
99898|98004
99879|97978
99880|97978
99887|250908
99889|97978
99885|97978
99886|97978
99865|250908
99860|250908
99861|250908
99868|250908
99867|250908
99869|250908
99849|68367
99845|68367
99846|98006
99843|98004
99844|98004
99857|98006
99858|98006
99856|93890
99853|98006
99854|98006
99852|98006
99832|97978
99829|68416
99828|68416
99827|68416
99842|98004
99811|97935
99812|98004
99818|97935
99819|97978
99824|68416
99825|68416
99826|68416
99796|93890
99798|98026
99797|98026
99802|93890
99803|98006
99806|93890
99807|98006
99810|93890
99789|98026
99791|98026
99792|98026
99772|93890
99771|93890
99776|93890
615938|68367
615943|89826
615986|93890
615970|96344
615983|93890
615954|93890
615964|98006
617449|97966
617408|89826
617440|98006
617304|96344
617294|96344
617301|96344
617297|96344
621758|97955
620371|93626
620368|93626
620363|93626
620217|93626
620220|93626
620205|93890
620212|93890
620192|93890
620198|93890
620178|93890
620186|93890
620158|93890
620139|93890
620146|93890
620102|93890
620113|93890
624268|98006
624259|98006
624199|98006
624190|98006
624244|98006
624216|98006
623789|98006
623801|98006
624166|98006
624178|98006
623615|98006
623626|98006
623695|93419
622925|93890
622934|93419
622099|97935
618891|68367
617910|250908
617916|97955
617919|98023
617930|97992
619941|98004
619367|98023
619953|98004
619948|98004
619979|98004
619972|98004
619363|98023
619233|93890
